cell_id,lat_min,lat_max,lon_min,lon_max,station_count,Actual_Slope,Predicted_Slope,Residual
-90_-180,-90,-85,-180,-175,6,1.33324,,
-90_-175,-90,-85,-175,-170,4,1.3107891,,
-90_-170,-90,-85,-170,-165,6,1.2915913,,
-90_-165,-90,-85,-165,-160,4,1.281605,,
-90_-160,-90,-85,-160,-155,6,1.2731094,,
-90_-155,-90,-85,-155,-150,4,1.2652075,,
-90_-150,-90,-85,-150,-145,6,1.2592877,,
-90_-145,-90,-85,-145,-140,4,1.2585881,,
-90_-140,-90,-85,-140,-135,6,1.2654426,,
-90_-135,-90,-85,-135,-130,4,1.2753544,,
-90_-130,-90,-85,-130,-125,6,1.2871023,,
-90_-125,-90,-85,-125,-120,4,1.3009536,,
-90_-120,-90,-85,-120,-115,6,1.321217,,
-90_-115,-90,-85,-115,-110,4,1.3441336,,
-90_-110,-90,-85,-110,-105,6,1.3548455,,
-90_-105,-90,-85,-105,-100,4,1.3659554,,
-90_-100,-90,-85,-100,-95,6,1.3413829,,
-90_-95,-90,-85,-95,-90,4,1.3391908,,
-90_-90,-90,-85,-90,-85,6,1.3433377,,
-90_-85,-90,-85,-85,-80,4,1.3483441,,
-90_-80,-90,-85,-80,-75,6,1.3560333,,
-90_-75,-90,-85,-75,-70,4,1.3642215,,
-90_-70,-90,-85,-70,-65,6,1.3694652,,
-90_-65,-90,-85,-65,-60,4,1.3744094,,
-90_-60,-90,-85,-60,-55,6,1.3795242,,
-90_-55,-90,-85,-55,-50,4,1.3836871,,
-90_-50,-90,-85,-50,-45,6,1.3870478,,
-90_-45,-90,-85,-45,-40,4,1.390301,,
-90_-40,-90,-85,-40,-35,6,1.3927708,,
-90_-35,-90,-85,-35,-30,4,1.3960867,,
-90_-30,-90,-85,-30,-25,6,1.398665,,
-90_-25,-90,-85,-25,-20,4,1.3994615,,
-90_-20,-90,-85,-20,-15,6,1.4020351,,
-90_-15,-90,-85,-15,-10,4,1.4046229,,
-90_-10,-90,-85,-10,-5,6,1.4087849,,
-90_-5,-90,-85,-5,0,4,1.4101245,,
-90_0,-90,-85,0,5,6,1.4110657,,
-90_5,-90,-85,5,10,4,1.4094543,,
-90_10,-90,-85,10,15,6,1.4082732,,
-90_15,-90,-85,15,20,4,1.4094384,,
-90_20,-90,-85,20,25,6,1.4090953,,
-90_25,-90,-85,25,30,4,1.4108558,,
-90_30,-90,-85,30,35,6,1.4136653,,
-90_35,-90,-85,35,40,4,1.4174569,,
-90_40,-90,-85,40,45,6,1.4222969,,
-90_45,-90,-85,45,50,4,1.4275393,,
-90_50,-90,-85,50,55,6,1.43492,,
-90_55,-90,-85,55,60,4,1.4428535,,
-90_60,-90,-85,60,65,6,1.4519858,,
-90_65,-90,-85,65,70,4,1.462452,,
-90_70,-90,-85,70,75,6,1.4718547,,
-90_75,-90,-85,75,80,4,1.4811469,,
-90_80,-90,-85,80,85,6,1.5083357,,
-90_85,-90,-85,85,90,4,1.5184238,,
-90_90,-90,-85,90,95,6,1.524501,,
-90_95,-90,-85,95,100,4,1.5312916,,
-90_100,-90,-85,100,105,6,1.5357896,,
-90_105,-90,-85,105,110,4,1.5365527,,
-90_110,-90,-85,110,115,6,1.5354093,,
-90_115,-90,-85,115,120,4,1.5296592,,
-90_120,-90,-85,120,125,6,1.518096,,
-90_125,-90,-85,125,130,4,1.5031149,,
-90_130,-90,-85,130,135,6,1.486394,,
-90_135,-90,-85,135,140,4,1.466578,,
-90_140,-90,-85,140,145,6,1.4459842,,
-90_145,-90,-85,145,150,4,1.4254923,,
-90_150,-90,-85,150,155,6,1.4093732,,
-90_155,-90,-85,155,160,4,1.4007802,,
-90_160,-90,-85,160,165,6,1.3857647,,
-90_165,-90,-85,165,170,4,1.370682,,
-90_170,-90,-85,170,175,6,1.3609447,,
-90_175,-90,-85,175,180,4,1.3474824,,
-85_-180,-85,-80,-180,-175,9,1.292137,,
-85_-175,-85,-80,-175,-170,6,1.2806989,,
-85_-170,-85,-80,-170,-165,9,1.2689612,,
-85_-165,-85,-80,-165,-160,6,1.2741979,,
-85_-160,-85,-80,-160,-155,9,1.2790039,,
-85_-155,-85,-80,-155,-150,6,1.2585887,,
-85_-150,-85,-80,-150,-145,9,1.2464601,,
-85_-145,-85,-80,-145,-140,6,1.218381,,
-85_-140,-85,-80,-140,-135,9,1.1508505,,
-85_-135,-85,-80,-135,-130,6,1.0761197,,
-85_-130,-85,-80,-130,-125,9,1.0076605,,
-85_-125,-85,-80,-125,-120,6,0.95512944,,
-85_-120,-85,-80,-120,-115,9,0.9187369,,
-85_-115,-85,-80,-115,-110,6,0.919517,,
-85_-110,-85,-80,-110,-105,9,0.95324355,,
-85_-105,-85,-80,-105,-100,6,0.9975679,,
-85_-100,-85,-80,-100,-95,9,1.0822898,,
-85_-95,-85,-80,-95,-90,6,1.1457481,,
-85_-90,-85,-80,-90,-85,9,1.1905856,,
-85_-85,-85,-80,-85,-80,6,1.2344041,,
-85_-80,-85,-80,-80,-75,9,1.3100488,,
-85_-75,-85,-80,-75,-70,6,1.4335881,,
-85_-70,-85,-80,-70,-65,9,1.5852166,,
-85_-65,-85,-80,-65,-60,6,1.7005005,,
-85_-60,-85,-80,-60,-55,9,1.722719,,
-85_-55,-85,-80,-55,-50,6,1.670751,,
-85_-50,-85,-80,-50,-45,9,1.6117644,,
-85_-45,-85,-80,-45,-40,6,1.5374761,,
-85_-40,-85,-80,-40,-35,9,1.482498,,
-85_-35,-85,-80,-35,-30,6,1.425644,,
-85_-30,-85,-80,-30,-25,9,1.3979309,,
-85_-25,-85,-80,-25,-20,6,1.3905668,,
-85_-20,-85,-80,-20,-15,9,1.3804116,,
-85_-15,-85,-80,-15,-10,6,1.3815271,,
-85_-10,-85,-80,-10,-5,9,1.3969182,,
-85_-5,-85,-80,-5,0,6,1.4079326,,
-85_0,-85,-80,0,5,9,1.4128927,,
-85_5,-85,-80,5,10,6,1.4126085,,
-85_10,-85,-80,10,15,9,1.4059043,,
-85_15,-85,-80,15,20,6,1.3876643,,
-85_20,-85,-80,20,25,9,1.3604108,,
-85_25,-85,-80,25,30,6,1.340413,,
-85_30,-85,-80,30,35,9,1.3300406,,
-85_35,-85,-80,35,40,6,1.3364891,,
-85_40,-85,-80,40,45,9,1.3499631,,
-85_45,-85,-80,45,50,6,1.3674889,,
-85_50,-85,-80,50,55,9,1.3743721,,
-85_55,-85,-80,55,60,6,1.3541012,,
-85_60,-85,-80,60,65,9,1.3263642,,
-85_65,-85,-80,65,70,6,1.3138059,,
-85_70,-85,-80,70,75,9,1.3171502,,
-85_75,-85,-80,75,80,6,1.3301167,,
-85_80,-85,-80,80,85,9,1.3436561,,
-85_85,-85,-80,85,90,6,1.3528095,,
-85_90,-85,-80,90,95,9,1.3655148,,
-85_95,-85,-80,95,100,6,1.369917,,
-85_100,-85,-80,100,105,9,1.3637344,,
-85_105,-85,-80,105,110,6,1.3611617,,
-85_110,-85,-80,110,115,9,1.3560846,,
-85_115,-85,-80,115,120,6,1.3431002,,
-85_120,-85,-80,120,125,9,1.3331285,,
-85_125,-85,-80,125,130,6,1.3227674,,
-85_130,-85,-80,130,135,9,1.3108811,,
-85_135,-85,-80,135,140,6,1.2992873,,
-85_140,-85,-80,140,145,9,1.2908045,,
-85_145,-85,-80,145,150,6,1.2841544,,
-85_150,-85,-80,150,155,9,1.2689528,,
-85_155,-85,-80,155,160,6,1.1859856,,
-85_160,-85,-80,160,165,9,1.1143184,,
-85_165,-85,-80,165,170,6,1.1425481,,
-85_170,-85,-80,170,175,9,1.2445959,,
-85_175,-85,-80,175,180,6,1.2790228,,
-80_-180,-80,-75,-180,-175,6,1.0121834,2.1525370475537513,-1.1403536475537512
-80_-175,-80,-75,-175,-170,4,0.8672651,2.1586221921539486,-1.2913570921539486
-80_-170,-80,-75,-170,-165,6,0.83137697,2.2238788279516437,-1.3925018579516437
-80_-165,-80,-75,-165,-160,4,0.8801704,,
-80_-160,-80,-75,-160,-155,6,0.99833745,,
-80_-155,-80,-75,-155,-150,4,1.0729196,,
-80_-150,-80,-75,-150,-145,6,1.0683483,,
-80_-145,-80,-75,-145,-140,4,1.0841964,,
-80_-140,-80,-75,-140,-135,6,1.0237697,,
-80_-135,-80,-75,-135,-130,4,0.9783969,,
-80_-130,-80,-75,-130,-125,6,0.9590581,,
-80_-125,-80,-75,-125,-120,4,0.96729213,,
-80_-120,-80,-75,-120,-115,6,0.976741,,
-80_-115,-80,-75,-115,-110,4,0.9738134,,
-80_-110,-80,-75,-110,-105,6,0.9703819,,
-80_-105,-80,-75,-105,-100,4,0.9648831,,
-80_-100,-80,-75,-100,-95,6,0.993056,,
-80_-95,-80,-75,-95,-90,4,1.0073978,,
-80_-90,-80,-75,-90,-85,6,1.0893091,,
-80_-85,-80,-75,-85,-80,4,1.2809186,,
-80_-80,-80,-75,-80,-75,6,1.6300159,,
-80_-75,-80,-75,-75,-70,4,1.8423518,,
-80_-70,-80,-75,-70,-65,6,1.8705989,,
-80_-65,-80,-75,-65,-60,4,1.9468851,,
-80_-60,-80,-75,-60,-55,6,1.9852942,,
-80_-55,-80,-75,-55,-50,4,1.8845944,2.6366807376213717,-0.7520863376213718
-80_-50,-80,-75,-50,-45,6,1.7559905,,
-80_-45,-80,-75,-45,-40,4,1.737836,,
-80_-40,-80,-75,-40,-35,6,1.7600468,,
-80_-35,-80,-75,-35,-30,4,1.7378149,,
-80_-30,-80,-75,-30,-25,6,1.5921164,,
-80_-25,-80,-75,-25,-20,4,1.4755867,,
-80_-20,-80,-75,-20,-15,6,1.3877794,,
-80_-15,-80,-75,-15,-10,4,1.346257,,
-80_-10,-80,-75,-10,-5,6,1.3749247,,
-80_-5,-80,-75,-5,0,4,1.4211795,,
-80_0,-80,-75,0,5,6,1.4169041,,
-80_5,-80,-75,5,10,4,1.4119408,,
-80_10,-80,-75,10,15,6,1.4401964,,
-80_15,-80,-75,15,20,4,1.4632814,,
-80_20,-80,-75,20,25,6,1.4497241,,
-80_25,-80,-75,25,30,4,1.4228933,,
-80_30,-80,-75,30,35,6,1.4134111,,
-80_35,-80,-75,35,40,4,1.4295887,,
-80_40,-80,-75,40,45,6,1.4521756,,
-80_45,-80,-75,45,50,4,1.4302623,,
-80_50,-80,-75,50,55,6,1.33061,,
-80_55,-80,-75,55,60,4,1.21383,,
-80_60,-80,-75,60,65,6,1.1218901,,
-80_65,-80,-75,65,70,4,1.06305,,
-80_70,-80,-75,70,75,6,1.0424316,,
-80_75,-80,-75,75,80,4,1.0296192,,
-80_80,-80,-75,80,85,6,1.0494477,,
-80_85,-80,-75,85,90,4,1.1051922,,
-80_90,-80,-75,90,95,6,1.1721883,,
-80_95,-80,-75,95,100,4,1.2159564,,
-80_100,-80,-75,100,105,6,1.2317075,,
-80_105,-80,-75,105,110,4,1.263876,,
-80_110,-80,-75,110,115,6,1.2918504,,
-80_115,-80,-75,115,120,4,1.2917958,,
-80_120,-80,-75,120,125,6,1.2689446,,
-80_125,-80,-75,125,130,4,1.2401353,,
-80_130,-80,-75,130,135,6,1.2093736,,
-80_135,-80,-75,135,140,4,1.1933948,,
-80_140,-80,-75,140,145,6,1.2008827,,
-80_145,-80,-75,145,150,4,1.2234931,,
-80_150,-80,-75,150,155,6,1.2293042,,
-80_155,-80,-75,155,160,4,1.174744,,
-80_160,-80,-75,160,165,6,1.0335766,,
-80_165,-80,-75,165,170,4,1.09323,2.036909081180464,-0.9436790811804643
-80_170,-80,-75,170,175,6,1.1661575,2.051234800728407,-0.8850773007284072
-80_175,-80,-75,175,180,4,1.1206588,2.1133936900221504,-0.9927348900221504
-75_-180,-75,-70,-180,-175,9,0.27808523,2.1213456941890874,-1.8432604641890873
-75_-175,-75,-70,-175,-170,6,0.4100616,2.2990934421630973,-1.8890318421630972
-75_-170,-75,-70,-170,-165,9,0.52051234,2.3771463290250963,-1.8566339890250962
-75_-165,-75,-70,-165,-160,6,0.6309753,2.4366885667467426,-1.8057132667467426
-75_-160,-75,-70,-160,-155,9,0.7251245,2.4799305344008777,-1.7548060344008778
-75_-155,-75,-70,-155,-150,6,0.8216736,2.52554329137937,-1.7038696913793698
-75_-150,-75,-70,-150,-145,9,0.909926,2.562642462184596,-1.6527164621845958
-75_-145,-75,-70,-145,-140,6,0.96195126,2.5788623516710683,-1.6169110916710683
-75_-140,-75,-70,-140,-135,9,1.0101467,,
-75_-135,-75,-70,-135,-130,6,1.0324153,,
-75_-130,-75,-70,-130,-125,9,1.0599866,,
-75_-125,-75,-70,-125,-120,6,1.0822347,,
-75_-120,-75,-70,-120,-115,9,1.091723,,
-75_-115,-75,-70,-115,-110,6,1.1009094,,
-75_-110,-75,-70,-110,-105,9,1.1150312,,
-75_-105,-75,-70,-105,-100,6,1.1276239,,
-75_-100,-75,-70,-100,-95,9,1.1363492,,
-75_-95,-75,-70,-95,-90,6,1.1637293,,
-75_-90,-75,-70,-90,-85,9,1.215326,,
-75_-85,-75,-70,-85,-80,6,1.2799461,,
-75_-80,-75,-70,-80,-75,9,1.2905477,,
-75_-75,-75,-70,-75,-70,6,1.1849929,,
-75_-70,-75,-70,-70,-65,9,1.1236701,,
-75_-65,-75,-70,-65,-60,6,1.2873812,,
-75_-60,-75,-70,-60,-55,9,1.6577424,3.021482246461071,-1.3637398464610708
-75_-55,-75,-70,-55,-50,6,1.8034264,3.0450479551266807,-1.2416215551266807
-75_-50,-75,-70,-50,-45,9,1.8196015,2.99145328075595,-1.1718517807559499
-75_-45,-75,-70,-45,-40,6,1.8386816,2.9201454355011096,-1.0814638355011097
-75_-40,-75,-70,-40,-35,9,1.8609061,2.8202901355725105,-0.9593840355725105
-75_-35,-75,-70,-35,-30,6,1.886191,2.7301381858262657,-0.8439471858262657
-75_-30,-75,-70,-30,-25,9,1.8803229,2.6293359004101777,-0.7490130004101778
-75_-25,-75,-70,-25,-20,6,1.7969052,2.57040153037522,-0.77349633037522
-75_-20,-75,-70,-20,-15,9,1.6531482,,
-75_-15,-75,-70,-15,-10,6,1.4445963,,
-75_-10,-75,-70,-10,-5,9,1.3067546,,
-75_-5,-75,-70,-5,0,6,1.3044106,,
-75_0,-75,-70,0,5,9,1.2992706,,
-75_5,-75,-70,5,10,6,1.2608371,,
-75_10,-75,-70,10,15,9,1.2388157,,
-75_15,-75,-70,15,20,6,1.215309,,
-75_20,-75,-70,20,25,9,1.1994957,,
-75_25,-75,-70,25,30,6,1.1899613,,
-75_30,-75,-70,30,35,9,1.1706293,,
-75_35,-75,-70,35,40,6,1.1689126,,
-75_40,-75,-70,40,45,9,1.1956428,,
-75_45,-75,-70,45,50,6,1.2417852,,
-75_50,-75,-70,50,55,9,1.2411685,,
-75_55,-75,-70,55,60,6,1.1515999,,
-75_60,-75,-70,60,65,9,1.0355377,,
-75_65,-75,-70,65,70,6,1.063716,,
-75_70,-75,-70,70,75,9,0.9657653,,
-75_75,-75,-70,75,80,6,0.8604259,,
-75_80,-75,-70,80,85,9,0.8555199,,
-75_85,-75,-70,85,90,6,0.8770657,,
-75_90,-75,-70,90,95,9,0.94356984,,
-75_95,-75,-70,95,100,6,1.0035647,,
-75_100,-75,-70,100,105,9,1.0214727,,
-75_105,-75,-70,105,110,6,1.0449405,,
-75_110,-75,-70,110,115,9,1.0490364,,
-75_115,-75,-70,115,120,6,0.9946582,,
-75_120,-75,-70,120,125,9,0.95280063,,
-75_125,-75,-70,125,130,6,0.9297702,,
-75_130,-75,-70,130,135,9,0.92934924,,
-75_135,-75,-70,135,140,6,0.9720877,,
-75_140,-75,-70,140,145,9,1.0217396,,
-75_145,-75,-70,145,150,6,1.0584527,,
-75_150,-75,-70,150,155,9,1.0440316,,
-75_155,-75,-70,155,160,6,0.9769575,,
-75_160,-75,-70,160,165,9,0.89844537,,
-75_165,-75,-70,165,170,6,0.84167045,,
-75_170,-75,-70,170,175,9,0.60614276,2.2073089675868767,-1.6011662075868767
-75_175,-75,-70,175,180,6,0.3278649,2.082448606572018,-1.7545837065720178
-70_-180,-70,-65,-180,-175,6,0.34393433,2.1001570232483635,-1.7562226932483636
-70_-175,-70,-65,-175,-170,4,0.37639803,2.0712861787280596,-1.6948881487280596
-70_-170,-70,-65,-170,-165,6,0.43833235,2.0659894485137977,-1.6276570985137977
-70_-165,-70,-65,-165,-160,4,0.5054822,2.086889309013428,-1.581407109013428
-70_-160,-70,-65,-160,-155,6,0.5895148,2.1046286454370886,-1.5151138454370887
-70_-155,-70,-65,-155,-150,4,0.6705348,2.1007928981079846,-1.4302580981079847
-70_-150,-70,-65,-150,-145,6,0.7305849,2.086409948984392,-1.3558250489843922
-70_-145,-70,-65,-145,-140,4,0.7772589,2.0483270532582716,-1.2710681532582715
-70_-140,-70,-65,-140,-135,6,0.7858487,2.03470597388426,-1.2488572738842603
-70_-135,-70,-65,-135,-130,4,0.80293,2.0252554676239325,-1.2223254676239326
-70_-130,-70,-65,-130,-125,6,0.8713724,2.0766632235673095,-1.2052908235673094
-70_-125,-70,-65,-125,-120,4,0.921801,2.085326932893145,-1.1635259328931453
-70_-120,-70,-65,-120,-115,6,0.95833355,2.06020649815777,-1.1018729481577703
-70_-115,-70,-65,-115,-110,4,0.9877372,2.023813950988094,-1.0360767509880942
-70_-110,-70,-65,-110,-105,6,1.0040835,2.0011566082299836,-0.9970731082299837
-70_-105,-70,-65,-105,-100,4,1.01933,1.9622274204881573,-0.9428974204881573
-70_-100,-70,-65,-100,-95,6,1.0580963,1.9574750348024068,-0.8993787348024067
-70_-95,-70,-65,-95,-90,4,1.0980548,1.9794221160254286,-0.8813673160254285
-70_-90,-70,-65,-90,-85,6,1.1752001,2.0238001316065932,-0.8486000316065931
-70_-85,-70,-65,-85,-80,4,1.2529446,2.0110870176788227,-0.7581424176788227
-70_-80,-70,-65,-80,-75,6,1.3525815,2.190914414212121,-0.8383329142121208
-70_-75,-70,-65,-75,-70,4,1.3414392,,
-70_-70,-70,-65,-70,-65,6,1.2330643,,
-70_-65,-70,-65,-65,-60,4,1.3167064,,
-70_-60,-70,-65,-60,-55,6,1.6053586,3.0075733754466416,-1.4022147754466416
-70_-55,-70,-65,-55,-50,4,1.6575322,2.9217279700785057,-1.2641957700785058
-70_-50,-70,-65,-50,-45,6,1.7143683,2.7752741095782674,-1.0609058095782673
-70_-45,-70,-65,-45,-40,4,1.7815002,2.6818592261354293,-0.9003590261354293
-70_-40,-70,-65,-40,-35,6,1.8234953,2.6206167893978334,-0.7971214893978333
-70_-35,-70,-65,-35,-30,4,1.8426547,2.559694861970492,-0.7170401619704918
-70_-30,-70,-65,-30,-25,6,1.8469377,2.4998520435250606,-0.6529143435250606
-70_-25,-70,-65,-25,-20,4,1.8420724,2.4539152827647723,-0.6118428827647724
-70_-20,-70,-65,-20,-15,6,1.8365746,2.4296313459090513,-0.5930567459090512
-70_-15,-70,-65,-15,-10,4,1.8110499,2.4173091186012137,-0.6062592186012137
-70_-10,-70,-65,-10,-5,6,1.768302,2.4351927516645056,-0.6668907516645055
-70_-5,-70,-65,-5,0,4,1.7630928,2.4375717825438104,-0.6744789825438104
-70_0,-70,-65,0,5,6,1.756148,2.390875106726219,-0.6347271067262188
-70_5,-70,-65,5,10,4,1.6905961,2.373652732039438,-0.6830566320394378
-70_10,-70,-65,10,15,6,1.6255726,2.4169263162087344,-0.7913537162087345
-70_15,-70,-65,15,20,4,1.6175542,2.386565759708128,-0.769011559708128
-70_20,-70,-65,20,25,6,1.6358808,2.3531018103251724,-0.7172210103251724
-70_25,-70,-65,25,30,4,1.6016523,2.3457246940213388,-0.7440723940213387
-70_30,-70,-65,30,35,6,1.4868776,,
-70_35,-70,-65,35,40,4,1.4858088,2.4726399127219962,-0.9868311127219962
-70_40,-70,-65,40,45,6,1.3393637,,
-70_45,-70,-65,45,50,4,1.1766008,,
-70_50,-70,-65,50,55,6,1.0916283,,
-70_55,-70,-65,55,60,4,1.0438335,,
-70_60,-70,-65,60,65,6,1.0738006,,
-70_65,-70,-65,65,70,4,1.0903449,,
-70_70,-70,-65,70,75,6,1.1107022,2.17300959519799,-1.06230739519799
-70_75,-70,-65,75,80,4,1.1415437,,
-70_80,-70,-65,80,85,6,0.95216966,,
-70_85,-70,-65,85,90,4,0.83855045,,
-70_90,-70,-65,90,95,6,0.7885456,,
-70_95,-70,-65,95,100,4,0.7494318,,
-70_100,-70,-65,100,105,6,0.7562439,,
-70_105,-70,-65,105,110,4,0.7422929,,
-70_110,-70,-65,110,115,6,0.7251043,,
-70_115,-70,-65,115,120,4,0.7248601,0.7248601000006829,-6.828981824469338e-13
-70_120,-70,-65,120,125,6,0.70664555,0.7066455500000615,-6.150635556423367e-14
-70_125,-70,-65,125,130,4,0.6692203,0.6692203000000632,-6.317169010117141e-14
-70_130,-70,-65,130,135,6,0.65034586,,
-70_135,-70,-65,135,140,4,0.64797795,,
-70_140,-70,-65,140,145,6,0.7221322,0.722132200000118,-1.1801670751765414e-13
-70_145,-70,-65,145,150,4,0.78022283,,
-70_150,-70,-65,150,155,6,0.70466113,,
-70_155,-70,-65,155,160,4,0.6024682,,
-70_160,-70,-65,160,165,6,0.5040364,2.2706736744484766,-1.7666372744484766
-70_165,-70,-65,165,170,4,0.40943384,2.226656725357558,-1.8172228853575583
-70_170,-70,-65,170,175,6,0.33197713,2.176561619694566,-1.8445844896945658
-70_175,-70,-65,175,180,4,0.3160082,2.144424322148954,-1.828416122148954
-65_-180,-65,-60,-180,-175,9,0.05761026,0.9163356061471035,-0.8587253461471035
-65_-175,-65,-60,-175,-170,6,0.03191733,0.9123801406268945,-0.8804628106268946
-65_-170,-65,-60,-170,-165,9,0.15936513,0.9965109533516505,-0.8371458233516506
-65_-165,-65,-60,-165,-160,6,0.2846612,1.1284915455559383,-0.8438303455559384
-65_-160,-65,-60,-160,-155,9,0.37000725,1.1916457031615124,-0.8216384531615124
-65_-155,-65,-60,-155,-150,6,0.4480699,1.3038397479427632,-0.8557698479427632
-65_-150,-65,-60,-150,-145,9,0.47908366,1.3111114102202337,-0.8320277502202337
-65_-145,-65,-60,-145,-140,6,0.4855143,1.3019770722301445,-0.8164627722301445
-65_-140,-65,-60,-140,-135,9,0.48534748,1.3315641260734454,-0.8462166460734455
-65_-135,-65,-60,-135,-130,6,0.5438757,1.304052206936844,-0.7601765069368441
-65_-130,-65,-60,-130,-125,9,0.5575693,1.2183889883496655,-0.6608196883496654
-65_-125,-65,-60,-125,-120,6,0.55937296,1.1305310266863502,-0.5711580666863502
-65_-120,-65,-60,-120,-115,9,0.5625248,1.0202753675452092,-0.45775056754520915
-65_-115,-65,-60,-115,-110,6,0.56367975,0.9033503946408159,-0.33967064464081587
-65_-110,-65,-60,-110,-105,9,0.5707073,0.8415563565976746,-0.27084905659767455
-65_-105,-65,-60,-105,-100,6,0.58739644,0.7953923016530202,-0.2079958616530202
-65_-100,-65,-60,-100,-95,9,0.6019889,0.7719098080860235,-0.16992090808602345
-65_-95,-65,-60,-95,-90,6,0.6034221,0.7566281995681159,-0.15320609956811593
-65_-90,-65,-60,-90,-85,9,0.60180974,0.7348066991645243,-0.13299695916452436
-65_-85,-65,-60,-85,-80,6,0.63698417,0.7530919013896846,-0.11610773138968467
-65_-80,-65,-60,-80,-75,9,0.7164052,0.8571682851080923,-0.14076308510809232
-65_-75,-65,-60,-75,-70,6,0.8844423,1.0134361151462294,-0.12899381514622943
-65_-70,-65,-60,-70,-65,9,1.0565615,1.324288528842812,-0.26772702884281196
-65_-65,-65,-60,-65,-60,6,1.1182891,,
-65_-60,-65,-60,-60,-55,9,1.2418208,,
-65_-55,-65,-60,-55,-50,6,1.1823782,2.1147189437574196,-0.9323407437574196
-65_-50,-65,-60,-50,-45,9,1.2141209,2.0777808442127976,-0.8636599442127977
-65_-45,-65,-60,-45,-40,6,1.315881,2.040511399902163,-0.7246303999021628
-65_-40,-65,-60,-40,-35,9,1.3616877,2.0826048720379706,-0.7209171720379706
-65_-35,-65,-60,-35,-30,6,1.4289402,2.083652674657099,-0.6547124746570989
-65_-30,-65,-60,-30,-25,9,1.4749122,2.0958991635082715,-0.6209869635082716
-65_-25,-65,-60,-25,-20,6,1.4910454,2.091595338597459,-0.6005499385974589
-65_-20,-65,-60,-20,-15,9,1.4877299,2.0771468622814595,-0.5894169622814596
-65_-15,-65,-60,-15,-10,6,1.4763188,2.0503248497747038,-0.5740060497747037
-65_-10,-65,-60,-10,-5,9,1.4678358,2.0124013437410384,-0.5445655437410384
-65_-5,-65,-60,-5,0,6,1.4540305,1.9711554161939628,-0.5171249161939628
-65_0,-65,-60,0,5,9,1.4317403,1.9483868956725148,-0.5166465956725148
-65_5,-65,-60,5,10,6,1.404636,1.9329639949825617,-0.5283279949825617
-65_10,-65,-60,10,15,9,1.3704782,1.9243345341465554,-0.5538563341465554
-65_15,-65,-60,15,20,6,1.337036,1.9099337981875477,-0.5728977981875478
-65_20,-65,-60,20,25,9,1.3282144,1.8983759115093628,-0.5701615115093628
-65_25,-65,-60,25,30,6,1.3363061,1.8979688667843644,-0.5616627667843643
-65_30,-65,-60,30,35,9,1.3432305,1.9143333954869588,-0.5711028954869588
-65_35,-65,-60,35,40,6,1.3719802,1.8916164685337997,-0.5196362685337996
-65_40,-65,-60,40,45,9,1.4233235,1.8865414299909489,-0.4632179299909489
-65_45,-65,-60,45,50,6,1.4281983,1.9511230310839376,-0.5229247310839376
-65_50,-65,-60,50,55,9,1.4175761,1.9708795265983747,-0.5533034265983747
-65_55,-65,-60,55,60,6,1.4428626,1.9616321667936771,-0.5187695667936771
-65_60,-65,-60,60,65,9,1.4187998,1.9641150455054992,-0.5453152455054993
-65_65,-65,-60,65,70,6,1.358378,1.9620225111558525,-0.6036445111558524
-65_70,-65,-60,70,75,9,1.3551879,1.9664364538986505,-0.6112485538986505
-65_75,-65,-60,75,80,6,1.373146,2.0068383252996043,-0.6336923252996043
-65_80,-65,-60,80,85,9,1.3331931,2.064195835578878,-0.731002735578878
-65_85,-65,-60,85,90,6,1.3002932,2.113110229933996,-0.8128170299339961
-65_90,-65,-60,90,95,9,1.2577643,2.0766449382525565,-0.8188806382525564
-65_95,-65,-60,95,100,6,1.2217144,2.0917763255095174,-0.8700619255095174
-65_100,-65,-60,100,105,9,1.2429924,2.102131003228561,-0.8591386032285608
-65_105,-65,-60,105,110,6,1.2849725,2.0458679549371537,-0.7608954549371536
-65_110,-65,-60,110,115,9,1.2538337,1.989849100278521,-0.7360154002785211
-65_115,-65,-60,115,120,6,1.2075907,1.915460088618858,-0.7078693886188581
-65_120,-65,-60,120,125,9,1.1758027,1.75434644653301,-0.5785437465330101
-65_125,-65,-60,125,130,6,1.1387185,1.6570095758585683,-0.5182910758585684
-65_130,-65,-60,130,135,9,1.097365,1.580512311315006,-0.483147311315006
-65_135,-65,-60,135,140,6,1.047521,1.5644483945217018,-0.5169273945217019
-65_140,-65,-60,140,145,9,0.9644147,1.4802485615129426,-0.5158338615129426
-65_145,-65,-60,145,150,6,0.84725904,1.4523971331815553,-0.6051380931815553
-65_150,-65,-60,150,155,9,0.68092877,1.4802548961093196,-0.7993261261093196
-65_155,-65,-60,155,160,6,0.51510006,1.4605068009670283,-0.9454067409670284
-65_160,-65,-60,160,165,9,0.41852206,1.3757922880056257,-0.9572702280056258
-65_165,-65,-60,165,170,6,0.44696763,1.2044561404876881,-0.7574885104876881
-65_170,-65,-60,170,175,9,0.39832905,1.1077730515435296,-0.7094440015435295
-65_175,-65,-60,175,180,6,0.22286826,1.0061308995739784,-0.7832626395739783
-60_-180,-60,-55,-180,-175,6,0.066219136,0.6096704223362766,-0.5434512863362766
-60_-175,-60,-55,-175,-170,4,-0.023084056,0.6063231199178521,-0.6294071759178521
-60_-170,-60,-55,-170,-165,6,-0.046371922,0.6047368971978863,-0.6511088191978862
-60_-165,-60,-55,-165,-160,4,0.017969301,0.6054000922373303,-0.5874307912373302
-60_-160,-60,-55,-160,-155,6,0.09490191,0.6144244772046684,-0.5195225672046684
-60_-155,-60,-55,-155,-150,4,0.19058216,0.6386338579312618,-0.4480516979312618
-60_-150,-60,-55,-150,-145,6,0.17947294,0.646719514434161,-0.46724657443416096
-60_-145,-60,-55,-145,-140,4,0.1376243,0.6066657329411772,-0.46904143294117717
-60_-140,-60,-55,-140,-135,6,0.21341918,0.5995979344352208,-0.38617875443522076
-60_-135,-60,-55,-135,-130,4,0.29639357,0.5953050752075709,-0.2989115052075709
-60_-130,-60,-55,-130,-125,6,0.37185454,0.5860350809187326,-0.21418054091873256
-60_-125,-60,-55,-125,-120,4,0.4291848,0.5813463366664919,-0.15216153666649196
-60_-120,-60,-55,-120,-115,6,0.4405754,0.5762354847426154,-0.13566008474261543
-60_-115,-60,-55,-115,-110,4,0.446272,0.5668993321903719,-0.12062733219037192
-60_-110,-60,-55,-110,-105,6,0.46206114,0.5650735275998349,-0.10301238759983489
-60_-105,-60,-55,-105,-100,4,0.47472614,0.5666417544671709,-0.09191561446717089
-60_-100,-60,-55,-100,-95,6,0.48085222,0.5697702897826007,-0.0889180697826007
-60_-95,-60,-55,-95,-90,4,0.4780773,0.572407909741362,-0.09433060974136204
-60_-90,-60,-55,-90,-85,6,0.46988073,0.5719798551889894,-0.10209912518898939
-60_-85,-60,-55,-85,-80,4,0.46419635,0.5733936011036851,-0.10919725110368511
-60_-80,-60,-55,-80,-75,6,0.46887383,0.575479870588263,-0.106606040588263
-60_-75,-60,-55,-75,-70,4,0.504035,0.579403145762287,-0.07536814576228701
-60_-70,-60,-55,-70,-65,6,0.63272065,0.6176210170334879,0.015099632966512067
-60_-65,-60,-55,-65,-60,4,0.74868065,0.7033613009275391,0.045319349072460824
-60_-60,-60,-55,-60,-55,6,0.8486967,0.7512521630254329,0.09744453697456712
-60_-55,-60,-55,-55,-50,4,0.8275035,0.790302647186611,0.03720085281338892
-60_-50,-60,-55,-50,-45,6,0.73839957,0.8973213395906403,-0.1589217695906403
-60_-45,-60,-55,-45,-40,4,0.7420987,0.9944040814314044,-0.25230538143140435
-60_-40,-60,-55,-40,-35,6,0.8606103,1.1562427544465812,-0.29563245444658115
-60_-35,-60,-55,-35,-30,4,0.9236512,1.2996897283223263,-0.3760385283223263
-60_-30,-60,-55,-30,-25,6,1.059629,1.4839842756909571,-0.4243552756909572
-60_-25,-60,-55,-25,-20,4,1.1412543,1.511433232643537,-0.37017893264353696
-60_-20,-60,-55,-20,-15,6,1.218885,1.520630573417169,-0.301745573417169
-60_-15,-60,-55,-15,-10,4,1.2243788,1.5550458144306663,-0.33066701443066626
-60_-10,-60,-55,-10,-5,6,1.193873,1.5814824631846132,-0.3876094631846132
-60_-5,-60,-55,-5,0,4,1.1769017,1.6425442679228257,-0.46564256792282577
-60_0,-60,-55,0,5,6,1.1439095,1.64254676837058,-0.49863726837058
-60_5,-60,-55,5,10,4,1.1232026,1.6097640858760185,-0.48656148587601855
-60_10,-60,-55,10,15,6,1.1195506,1.5387074884362646,-0.41915688843626464
-60_15,-60,-55,15,20,4,1.1054718,1.4752052289335242,-0.36973342893352434
-60_20,-60,-55,20,25,6,1.0914032,1.4454905840735117,-0.3540873840735117
-60_25,-60,-55,25,30,4,1.0853927,1.3433099844334202,-0.2579172844334201
-60_30,-60,-55,30,35,6,1.0525552,1.2176880220123403,-0.16513282201234025
-60_35,-60,-55,35,40,4,1.0221628,1.1198164449605321,-0.09765364496053208
-60_40,-60,-55,40,45,6,0.99901986,1.0362634903833259,-0.0372436303833259
-60_45,-60,-55,45,50,4,0.97265744,0.9586126469329419,0.014044793067058081
-60_50,-60,-55,50,55,6,0.94965464,0.8727968094050139,0.07685783059498608
-60_55,-60,-55,55,60,4,0.9313148,0.8002662990365982,0.13104850096340181
-60_60,-60,-55,60,65,6,0.91853833,0.7431357777665616,0.17540255223343837
-60_65,-60,-55,65,70,4,0.9229164,0.7526899828768869,0.17022641712311304
-60_70,-60,-55,70,75,6,0.9627207,0.8098074954768356,0.15291320452316437
-60_75,-60,-55,75,80,4,1.0038917,1.0398144275841679,-0.03592272758416781
-60_80,-60,-55,80,85,6,1.0193635,1.280689873069732,-0.26132637306973194
-60_85,-60,-55,85,90,4,1.0801586,1.2126421595310344,-0.1324835595310343
-60_90,-60,-55,90,95,6,1.0808772,1.1688542038517842,-0.0879770038517842
-60_95,-60,-55,95,100,4,1.0376126,1.1360479042128153,-0.09843530421281521
-60_100,-60,-55,100,105,6,0.9843476,1.0976284946654027,-0.1132808946654027
-60_105,-60,-55,105,110,4,0.99483263,0.9425388792259557,0.0522937507740443
-60_110,-60,-55,110,115,6,0.98257,0.8489346862929826,0.13363531370701742
-60_115,-60,-55,115,120,4,0.92517316,0.7447169980947644,0.1804561619052356
-60_120,-60,-55,120,125,6,0.87943166,0.6939520254494206,0.18547963455057936
-60_125,-60,-55,125,130,4,0.82826865,0.651210401208117,0.17705824879188303
-60_130,-60,-55,130,135,6,0.7599589,0.6417149430121155,0.11824395698788448
-60_135,-60,-55,135,140,4,0.64980555,0.637501731645703,0.012303818354296947
-60_140,-60,-55,140,145,6,0.59219354,0.6342334631561002,-0.04203992315610017
-60_145,-60,-55,145,150,4,0.5533421,0.6456344604874414,-0.0922923604874415
-60_150,-60,-55,150,155,6,0.53925055,0.6528935786587662,-0.11364302865876619
-60_155,-60,-55,155,160,4,0.5173183,0.6363444822596883,-0.1190261822596883
-60_160,-60,-55,160,165,6,0.5238662,0.6267545267907736,-0.10288832679077364
-60_165,-60,-55,165,170,4,0.54032505,0.6066078101049632,-0.06628276010496326
-60_170,-60,-55,170,175,6,0.41005966,0.6064837061258298,-0.1964240461258298
-60_175,-60,-55,175,180,4,0.28042114,0.611321754521516,-0.33090061452151603
-55_-180,-55,-50,-180,-175,9,0.39362648,0.6644918660679381,-0.2708653860679381
-55_-175,-55,-50,-175,-170,6,0.354862,0.6635339581780885,-0.30867195817808846
-55_-170,-55,-50,-170,-165,9,0.2848414,0.6600125298944882,-0.3751711298944882
-55_-165,-55,-50,-165,-160,6,0.22989357,0.6534101743826921,-0.4235166043826921
-55_-160,-55,-50,-160,-155,9,0.26219636,0.6544641496798801,-0.3922677896798801
-55_-155,-55,-50,-155,-150,6,0.32999393,0.6540227090795852,-0.32402877907958516
-55_-150,-55,-50,-150,-145,9,0.3440451,0.6464322976092038,-0.30238719760920385
-55_-145,-55,-50,-145,-140,6,0.3676455,0.635781165805144,-0.268135665805144
-55_-140,-55,-50,-140,-135,9,0.40417513,0.6250977723667771,-0.2209226423667771
-55_-135,-55,-50,-135,-130,6,0.4525636,0.6082243198962907,-0.15566071989629066
-55_-130,-55,-50,-130,-125,9,0.4968284,0.5974606697517291,-0.10063226975172906
-55_-125,-55,-50,-125,-120,6,0.5137954,0.593492038624583,-0.07969663862458298
-55_-120,-55,-50,-120,-115,9,0.50915,0.5906379699161602,-0.08148796991616025
-55_-115,-55,-50,-115,-110,6,0.51134306,0.5784187485887597,-0.06707568858875979
-55_-110,-55,-50,-110,-105,9,0.5094722,0.5760099819722041,-0.06653778197220406
-55_-105,-55,-50,-105,-100,6,0.5108461,0.5755457059120235,-0.0646996059120235
-55_-100,-55,-50,-100,-95,9,0.5042676,0.5762665639512158,-0.07199896395121574
-55_-95,-55,-50,-95,-90,6,0.5002304,0.5763453284851447,-0.07611492848514478
-55_-90,-55,-50,-90,-85,9,0.5006628,0.5759205274044148,-0.07525772740441483
-55_-85,-55,-50,-85,-80,6,0.50936204,0.5688851833474579,-0.059523143347457896
-55_-80,-55,-50,-80,-75,9,0.52151453,0.5537010982352457,-0.03218656823524568
-55_-75,-55,-50,-75,-70,6,0.6772067,,
-55_-70,-55,-50,-70,-65,9,0.75736725,,
-55_-65,-55,-50,-65,-60,6,0.6309995,0.6072964817557053,0.02370301824429477
-55_-60,-55,-50,-60,-55,9,0.6382193,0.635755300910674,0.002463999089326041
-55_-55,-55,-50,-55,-50,6,0.66355,0.6518907728345209,0.011659227165479069
-55_-50,-55,-50,-50,-45,9,0.69527745,0.6596078790190059,0.0356695709809941
-55_-45,-55,-50,-45,-40,6,0.7011561,0.6542329255288951,0.046923174471104834
-55_-40,-55,-50,-40,-35,9,0.75007355,0.6522304539892879,0.09784309601071206
-55_-35,-55,-50,-35,-30,6,0.7360019,0.6759437202234022,0.060058179776597775
-55_-30,-55,-50,-30,-25,9,0.78379714,0.6866202012513241,0.09717693874867595
-55_-25,-55,-50,-25,-20,6,0.77052253,0.6538353197009908,0.11668721029900919
-55_-20,-55,-50,-20,-15,9,0.7764769,0.6284824670681927,0.14799443293180736
-55_-15,-55,-50,-15,-10,6,0.77898425,0.6235244159682731,0.15545983403172692
-55_-10,-55,-50,-10,-5,9,0.7950499,0.6653686637966201,0.1296812362033799
-55_-5,-55,-50,-5,0,6,0.8170757,0.7598460031053197,0.05722969689468027
-55_0,-55,-50,0,5,9,0.84146446,0.8130226078225535,0.028441852177446436
-55_5,-55,-50,5,10,6,0.8541424,0.8350324448362101,0.019109955163789882
-55_10,-55,-50,10,15,9,0.8525065,0.8461314988821711,0.006375001117828849
-55_15,-55,-50,15,20,6,0.8712068,0.7952706646216907,0.07593613537830923
-55_20,-55,-50,20,25,9,0.86588496,0.7455741365167243,0.12031082348327571
-55_25,-55,-50,25,30,6,0.84426117,0.6854988828305525,0.1587622871694475
-55_30,-55,-50,30,35,9,0.78574574,0.5526051964024292,0.23314054359757075
-55_35,-55,-50,35,40,6,0.75218153,0.49001771785037496,0.26216381214962503
-55_40,-55,-50,40,45,9,0.72284836,0.4908433137305235,0.2320050462694765
-55_45,-55,-50,45,50,6,0.71549755,0.48990238698055616,0.22559516301944388
-55_50,-55,-50,50,55,9,0.72173375,0.48582158286871296,0.235912167131287
-55_55,-55,-50,55,60,6,0.7249632,0.48069396907247525,0.24426923092752478
-55_60,-55,-50,60,65,9,0.72918737,0.473365428438081,0.255821941561919
-55_65,-55,-50,65,70,6,0.73724645,0.47421527238157596,0.26303117761842404
-55_70,-55,-50,70,75,9,0.73783803,0.48670069344632366,0.25113733655367637
-55_75,-55,-50,75,80,6,0.75489736,0.5078900430547119,0.2470073169452881
-55_80,-55,-50,80,85,9,0.7548326,0.5286922037115752,0.22614039628842475
-55_85,-55,-50,85,90,6,0.80826384,0.47698229930816083,0.3312815406918391
-55_90,-55,-50,90,95,9,0.8073144,0.4767951916623482,0.3305192083376518
-55_95,-55,-50,95,100,6,0.76772165,0.49513728060944096,0.2725843693905591
-55_100,-55,-50,100,105,9,0.70131624,0.5259646311142957,0.17535160888570434
-55_105,-55,-50,105,110,6,0.63972217,0.5203371420678622,0.11938502793213779
-55_110,-55,-50,110,115,9,0.63063574,0.5158559226056499,0.11477981739435006
-55_115,-55,-50,115,120,6,0.64720017,0.5104063023250082,0.1367938676749918
-55_120,-55,-50,120,125,9,0.6511791,0.5188537391698743,0.1323253608301257
-55_125,-55,-50,125,130,6,0.62232244,0.5256534610797351,0.09666897892026494
-55_130,-55,-50,130,135,9,0.55162585,0.5383515431313303,0.013274306868669705
-55_135,-55,-50,135,140,6,0.50607723,0.5606474693231407,-0.054570239323140646
-55_140,-55,-50,140,145,9,0.5012957,0.5821326439999327,-0.08083694399993269
-55_145,-55,-50,145,150,6,0.5073416,0.5928049726779524,-0.08546337267795245
-55_150,-55,-50,150,155,9,0.50040793,0.6004174634413866,-0.10000953344138663
-55_155,-55,-50,155,160,6,0.47944975,0.6101925889735924,-0.1307428389735924
-55_160,-55,-50,160,165,9,0.4585868,0.621438487639738,-0.16285168763973795
-55_165,-55,-50,165,170,6,0.474409,0.6119184335084388,-0.13750943350843875
-55_170,-55,-50,170,175,9,0.47979122,0.6470386428813735,-0.16724742288137345
-55_175,-55,-50,175,180,6,0.43810454,0.6768879695841947,-0.23878342958419474
-50_-180,-50,-45,-180,-175,6,0.536072,0.7617029712931102,-0.22563097129311016
-50_-175,-50,-45,-175,-170,4,0.5524065,0.7520814578652784,-0.19967495786527834
-50_-170,-50,-45,-170,-165,6,0.5637433,0.7481506107985065,-0.18440731079850659
-50_-165,-50,-45,-165,-160,4,0.57391566,0.7463670009902889,-0.1724513409902888
-50_-160,-50,-45,-160,-155,6,0.59990025,0.7409260037978561,-0.1410257537978561
-50_-155,-50,-45,-155,-150,4,0.610035,0.7341135722773913,-0.12407857227739127
-50_-150,-50,-45,-150,-145,6,0.6260362,0.7245043890195991,-0.09846818901959908
-50_-145,-50,-45,-145,-140,4,0.63480747,0.7129831627683286,-0.07817569276832859
-50_-140,-50,-45,-140,-135,6,0.6332981,0.7003613512381598,-0.06706325123815982
-50_-135,-50,-45,-135,-130,4,0.62493086,0.6883860622921597,-0.06345520229215973
-50_-130,-50,-45,-130,-125,6,0.61393213,0.6763138426737813,-0.06238171267378123
-50_-125,-50,-45,-125,-120,4,0.602092,0.6645836741815291,-0.06249167418152912
-50_-120,-50,-45,-120,-115,6,0.593082,0.6546961359039827,-0.06161413590398268
-50_-115,-50,-45,-115,-110,4,0.5934836,0.6451608803382605,-0.05167728033826047
-50_-110,-50,-45,-110,-105,6,0.5968736,0.631793454191918,-0.03491985419191801
-50_-105,-50,-45,-105,-100,4,0.59374,0.6251567744199705,-0.031416774419970483
-50_-100,-50,-45,-100,-95,6,0.5850965,0.6236217262759856,-0.038525226275985536
-50_-95,-50,-45,-95,-90,4,0.58634615,0.6223149206768515,-0.03596877067685145
-50_-90,-50,-45,-90,-85,6,0.59176683,0.6214506060133914,-0.02968377601339145
-50_-85,-50,-45,-85,-80,4,0.58440113,0.618925517200171,-0.034524387200170925
-50_-80,-50,-45,-80,-75,6,0.606168,0.6378763543390618,-0.03170835433906172
-50_-75,-50,-45,-75,-70,4,0.78909814,0.869921127964232,-0.08082298796423204
-50_-70,-50,-45,-70,-65,6,0.9647402,,
-50_-65,-50,-45,-65,-60,4,0.7731076,0.6460497905281066,0.12705780947189338
-50_-60,-50,-45,-60,-55,6,0.71539444,0.6909496045139245,0.024444835486075456
-50_-55,-50,-45,-55,-50,4,0.84063834,0.6459913530814184,0.19464698691858162
-50_-50,-50,-45,-50,-45,6,0.89226764,0.6445919512145294,0.24767568878547064
-50_-45,-50,-45,-45,-40,4,0.8961264,0.6539995303444771,0.24212686965552288
-50_-40,-50,-45,-40,-35,6,0.9021325,0.6487047790447761,0.2534277209552239
-50_-35,-50,-45,-35,-30,4,0.87730664,0.6275578944387357,0.24974874556126436
-50_-30,-50,-45,-30,-25,6,0.8550214,0.6100531484724887,0.24496825152751134
-50_-25,-50,-45,-25,-20,4,0.84364843,0.5818656202393753,0.26178280976062474
-50_-20,-50,-45,-20,-15,6,0.8163306,0.5645924457573425,0.25173815424265755
-50_-15,-50,-45,-15,-10,4,0.7747671,0.5577105320439245,0.21705656795607553
-50_-10,-50,-45,-10,-5,6,0.745018,0.558791503438703,0.18622649656129697
-50_-5,-50,-45,-5,0,4,0.7602635,0.5276730429609474,0.23259045703905257
-50_0,-50,-45,0,5,6,0.7680352,0.5107754009306973,0.25725979906930274
-50_5,-50,-45,5,10,4,0.77816373,0.5078323872313151,0.270331342768685
-50_10,-50,-45,10,15,6,0.82342815,0.49973546577862477,0.32369268422137526
-50_15,-50,-45,15,20,4,0.82334274,0.49992153947248735,0.3234212005275126
-50_20,-50,-45,20,25,6,0.8616476,0.5018798670662576,0.3597677329337423
-50_25,-50,-45,25,30,4,0.8872398,0.5097415701726639,0.37749822982733616
-50_30,-50,-45,30,35,6,0.8429456,0.5057127501008231,0.3372328498991769
-50_35,-50,-45,35,40,4,0.8033147,0.5230070798281937,0.2803076201718063
-50_40,-50,-45,40,45,6,0.79521483,0.5166477351051418,0.2785670948948582
-50_45,-50,-45,45,50,4,0.7746536,0.5286694004639821,0.2459841995360179
-50_50,-50,-45,50,55,6,0.7952624,0.5246961864247734,0.2705662135752266
-50_55,-50,-45,55,60,4,0.7619797,0.5112162699748402,0.2507634300251599
-50_60,-50,-45,60,65,6,0.7367602,0.5095926159433022,0.2271675840566978
-50_65,-50,-45,65,70,4,0.7210469,0.5336364483445232,0.18741045165547687
-50_70,-50,-45,70,75,6,0.6845812,0.5239290135815273,0.16065218641847268
-50_75,-50,-45,75,80,4,0.6630849,0.46752909977496865,0.19555580022503133
-50_80,-50,-45,80,85,6,0.69598037,0.44677296209472883,0.24920740790527118
-50_85,-50,-45,85,90,4,0.7526542,0.43628762701969265,0.3163665729803074
-50_90,-50,-45,90,95,6,0.751961,0.4409768306352865,0.3109841693647135
-50_95,-50,-45,95,100,4,0.74273044,0.4639565898044315,0.2787738501955685
-50_100,-50,-45,100,105,6,0.6881241,0.4723361794859491,0.21578792051405093
-50_105,-50,-45,105,110,4,0.64587015,0.4699740477017953,0.17589610229820474
-50_110,-50,-45,110,115,6,0.6180511,0.4699764958333221,0.14807460416667784
-50_115,-50,-45,115,120,4,0.6135566,0.4802524152850314,0.13330418471496863
-50_120,-50,-45,120,125,6,0.5813088,0.4979569596737829,0.08335184032621706
-50_125,-50,-45,125,130,4,0.5543799,0.5172400725411217,0.03713982745887834
-50_130,-50,-45,130,135,6,0.5433905,0.5396758667094179,0.003714633290582081
-50_135,-50,-45,135,140,4,0.531298,0.5640149827943144,-0.03271698279431434
-50_140,-50,-45,140,145,6,0.5280766,0.5890643606445289,-0.06098776064452893
-50_145,-50,-45,145,150,4,0.5519222,0.6127238109264167,-0.06080161092641667
-50_150,-50,-45,150,155,6,0.568724,0.6349485265101344,-0.06622452651013444
-50_155,-50,-45,155,160,4,0.5507738,0.6618723266645166,-0.11109852666451658
-50_160,-50,-45,160,165,6,0.5576646,0.6884425172880827,-0.13077791728808275
-50_165,-50,-45,165,170,4,0.62308556,0.706549685431235,-0.08346412543123494
-50_170,-50,-45,170,175,6,0.568911,0.7586139039779878,-0.18970290397798784
-50_175,-50,-45,175,180,4,0.52869445,0.7769932939166597,-0.24829884391665968
-45_-180,-45,-40,-180,-175,9,0.6744553,0.8552527342511191,-0.18079743425111916
-45_-175,-45,-40,-175,-170,6,0.6736273,0.8397627222605304,-0.16613542226053035
-45_-170,-45,-40,-170,-165,9,0.6947009,0.8380840943888438,-0.14338319438884384
-45_-165,-45,-40,-165,-160,6,0.6982246,0.8362057085352592,-0.13798110853525924
-45_-160,-45,-40,-160,-155,9,0.7040316,0.8305770892681154,-0.12654548926811537
-45_-155,-45,-40,-155,-150,6,0.71374434,0.8213978344341054,-0.10765349443410543
-45_-150,-45,-40,-150,-145,9,0.7210691,0.8104166175552939,-0.08934751755529391
-45_-145,-45,-40,-145,-140,6,0.71967506,0.7981813625394744,-0.07850630253947433
-45_-140,-45,-40,-140,-135,9,0.7243611,0.7854301593595046,-0.061069059359504574
-45_-135,-45,-40,-135,-130,6,0.7189255,0.7722399788430518,-0.05331447884305185
-45_-130,-45,-40,-130,-125,9,0.7119606,0.7593183456456731,-0.04735774564567308
-45_-125,-45,-40,-125,-120,6,0.7050751,0.7468947278374443,-0.041819627837444306
-45_-120,-45,-40,-120,-115,9,0.69645625,0.7346094169260774,-0.0381531669260774
-45_-115,-45,-40,-115,-110,6,0.6869624,0.7246134018361853,-0.037651001836185305
-45_-110,-45,-40,-110,-105,9,0.6710617,0.7075415734600586,-0.036479873460058654
-45_-105,-45,-40,-105,-100,6,0.65446025,0.699517546658457,-0.045057296658457036
-45_-100,-45,-40,-100,-95,9,0.63350123,0.6963805022506986,-0.06287927225069856
-45_-95,-45,-40,-95,-90,6,0.6171042,0.6937509150836211,-0.07664671508362109
-45_-90,-45,-40,-90,-85,9,0.60341173,0.6930344808576981,-0.08962275085769811
-45_-85,-45,-40,-85,-80,6,0.6029307,0.6964751030083477,-0.09354440300834765
-45_-80,-45,-40,-80,-75,9,0.6128919,0.7113574669949755,-0.09846556699497544
-45_-75,-45,-40,-75,-70,6,0.82296425,,
-45_-70,-45,-40,-70,-65,9,1.0386232,,
-45_-65,-45,-40,-65,-60,6,0.81158113,0.6770631369540223,0.13451799304597767
-45_-60,-45,-40,-60,-55,9,0.8374577,0.7800533501503683,0.05740434984963172
-45_-55,-45,-40,-55,-50,6,1.0134264,0.7007985560933828,0.31262784390661713
-45_-50,-45,-40,-50,-45,9,0.9846987,0.718769428686071,0.26592927131392907
-45_-45,-45,-40,-45,-40,6,0.9796653,0.7297295246982796,0.2499357753017204
-45_-40,-45,-40,-40,-35,9,1.0055616,0.7164772135384757,0.28908438646152435
-45_-35,-45,-40,-35,-30,6,1.0006254,0.6964516229795427,0.30417377702045745
-45_-30,-45,-40,-30,-25,9,0.9773214,0.6737316672835754,0.30358973271642464
-45_-25,-45,-40,-25,-20,6,0.936807,0.6514841294015522,0.28532287059844774
-45_-20,-45,-40,-20,-15,9,0.95683354,0.654588386511098,0.302245153488902
-45_-15,-45,-40,-15,-10,6,0.90159553,0.6283188616813308,0.27327666831866926
-45_-10,-45,-40,-10,-5,9,0.84718347,0.5959628097353937,0.2512206602646063
-45_-5,-45,-40,-5,0,6,0.8434706,0.5914204362287498,0.2520501637712501
-45_0,-45,-40,0,5,9,0.8415042,0.5818842513710196,0.2596199486289804
-45_5,-45,-40,5,10,6,0.8605795,0.579100235156822,0.2814792648431781
-45_10,-45,-40,10,15,9,0.91864556,0.5777613205874932,0.3408842394125068
-45_15,-45,-40,15,20,6,0.96989435,0.572053494749595,0.397840855250405
-45_20,-45,-40,20,25,9,1.0028005,0.5903288052356688,0.4124716947643312
-45_25,-45,-40,25,30,6,1.030655,0.6380493879010942,0.3926056120989059
-45_30,-45,-40,30,35,9,0.94730544,0.6380241631509033,0.3092812768490968
-45_35,-45,-40,35,40,6,0.90112215,0.6670298112303145,0.2340923387696855
-45_40,-45,-40,40,45,9,0.93135285,0.673761728294135,0.25759112170586496
-45_45,-45,-40,45,50,6,0.83623713,0.6681768284854954,0.16806030151450457
-45_50,-45,-40,50,55,9,0.8431757,0.6566480337692961,0.18652766623070383
-45_55,-45,-40,55,60,6,0.73254603,0.6245595289142621,0.10798650108573782
-45_60,-45,-40,60,65,9,0.6785806,0.602812721968261,0.07576787803173901
-45_65,-45,-40,65,70,6,0.6633144,0.6040392110386441,0.05927518896135586
-45_70,-45,-40,70,75,9,0.6868141,0.5864295649751641,0.10038453502483591
-45_75,-45,-40,75,80,6,0.70157284,0.5753223556294228,0.12625048437057718
-45_80,-45,-40,80,85,9,0.7105298,0.5556872113961503,0.1548425886038497
-45_85,-45,-40,85,90,6,0.71786565,0.5367047101935278,0.1811609398064722
-45_90,-45,-40,90,95,9,0.7237821,0.5316876317979972,0.19209446820200282
-45_95,-45,-40,95,100,6,0.6965909,0.5262346874048875,0.17035621259511247
-45_100,-45,-40,100,105,9,0.6654322,0.5231155203137453,0.14231667968625472
-45_105,-45,-40,105,110,6,0.63877034,0.5286434623676733,0.11012687763232665
-45_110,-45,-40,110,115,9,0.6264235,0.5414246915788832,0.08499880842111684
-45_115,-45,-40,115,120,6,0.61959046,0.5574331102031411,0.06215734979685883
-45_120,-45,-40,120,125,9,0.5990657,0.5797375526775976,0.0193281473224024
-45_125,-45,-40,125,130,6,0.57721967,0.6023361401956305,-0.02511647019563057
-45_130,-45,-40,130,135,9,0.5742321,0.6245775674714191,-0.0503454674714191
-45_135,-45,-40,135,140,6,0.5726482,0.6399706656505947,-0.06732246565059463
-45_140,-45,-40,140,145,9,0.58189946,0.6469815430229676,-0.06508208302296759
-45_145,-45,-40,145,150,6,0.7271867,,
-45_150,-45,-40,150,155,9,0.7227943,0.7164253664823409,0.006368933517659103
-45_155,-45,-40,155,160,6,0.7082291,0.7559152654695181,-0.047686165469518205
-45_160,-45,-40,160,165,9,0.6907144,0.7774050183660788,-0.08669061836607883
-45_165,-45,-40,165,170,6,0.7449727,,
-45_170,-45,-40,170,175,9,0.81256664,,
-45_175,-45,-40,175,180,6,0.70771414,0.8482895829094671,-0.1405754429094671
-40_-180,-40,-35,-180,-175,6,0.7995593,0.8833733731171071,-0.08381407311710709
-40_-175,-40,-35,-175,-170,4,0.7607663,0.9045063610553332,-0.1437400610553332
-40_-170,-40,-35,-170,-165,6,0.74775696,0.9103283927355412,-0.1625714327355412
-40_-165,-40,-35,-165,-160,4,0.74865276,0.9119834889118882,-0.16333072891188816
-40_-160,-40,-35,-160,-155,6,0.7532088,0.9077929403150455,-0.15458414031504553
-40_-155,-40,-35,-155,-150,4,0.75702477,0.9007762672259126,-0.14375149722591263
-40_-150,-40,-35,-150,-145,6,0.76476765,0.8914606130179562,-0.12669296301795618
-40_-145,-40,-35,-145,-140,4,0.76747185,0.8812330614843631,-0.11376121148436313
-40_-140,-40,-35,-140,-135,6,0.77174544,0.8701093831359921,-0.09836394313599206
-40_-135,-40,-35,-135,-130,4,0.769315,0.8603030677007661,-0.09098806770076617
-40_-130,-40,-35,-130,-125,6,0.7649701,0.8511785071220394,-0.08620840712203937
-40_-125,-40,-35,-125,-120,4,0.7596922,0.8417161950225089,-0.0820239950225089
-40_-120,-40,-35,-120,-115,6,0.7390291,0.8322776367679504,-0.09324853676795042
-40_-115,-40,-35,-115,-110,4,0.70613027,0.8232428858338378,-0.11711261583383781
-40_-110,-40,-35,-110,-105,6,0.6471616,0.809451177408354,-0.16228957740835404
-40_-105,-40,-35,-105,-100,4,0.604161,0.8036502277058402,-0.1994892277058402
-40_-100,-40,-35,-100,-95,6,0.5700986,0.7971678119178097,-0.2270692119178097
-40_-95,-40,-35,-95,-90,4,0.5528545,0.7912045632284123,-0.23835006322841223
-40_-90,-40,-35,-90,-85,6,0.5478596,0.7893254894612228,-0.24146588946122283
-40_-85,-40,-35,-85,-80,4,0.5555557,0.7929841291125076,-0.2374284291125076
-40_-80,-40,-35,-80,-75,6,0.5677244,0.8009755381358501,-0.23325113813585008
-40_-75,-40,-35,-75,-70,4,0.81347454,,
-40_-70,-40,-35,-70,-65,6,1.1053725,,
-40_-65,-40,-35,-65,-60,4,0.8478453,1.3224236982497628,-0.4745783982497628
-40_-60,-40,-35,-60,-55,6,0.75001335,,
-40_-55,-40,-35,-55,-50,4,1.0856075,0.915213316226049,0.1703941837739511
-40_-50,-40,-35,-50,-45,6,0.9365768,0.8458154380080383,0.09076136199196172
-40_-45,-40,-35,-45,-40,4,0.8998324,0.8427403379727937,0.05709206202720629
-40_-40,-40,-35,-40,-35,6,0.8973973,0.8262522333682567,0.07114506663174325
-40_-35,-40,-35,-35,-30,4,0.87375546,0.8080051862488282,0.06575027375117182
-40_-30,-40,-35,-30,-25,6,0.84718364,0.7898992800831622,0.05728435991683778
-40_-25,-40,-35,-25,-20,4,0.83497304,0.7738416808620252,0.06113135913797485
-40_-20,-40,-35,-20,-15,6,0.82873756,0.7597947262559575,0.06894283374404253
-40_-15,-40,-35,-15,-10,4,0.8294598,0.746433279988844,0.08302652001115596
-40_-10,-40,-35,-10,-5,6,0.8151016,0.7289652808205674,0.08613631917943254
-40_-5,-40,-35,-5,0,4,0.81075025,0.7165252546864048,0.09422499531359518
-40_0,-40,-35,0,5,6,0.8449212,0.705491522234188,0.13942967776581205
-40_5,-40,-35,5,10,4,0.9114425,0.6964308987758971,0.2150116012241029
-40_10,-40,-35,10,15,6,0.95620614,0.6916268681797867,0.26457927182021335
-40_15,-40,-35,15,20,4,0.97570217,0.7052029416809976,0.2704992283190024
-40_20,-40,-35,20,25,6,0.95645046,0.7269269714697049,0.22952348853029514
-40_25,-40,-35,25,30,4,0.8771421,0.7648528564261889,0.11228924357381109
-40_30,-40,-35,30,35,6,0.76726776,0.7903575129446265,-0.023089752944626563
-40_35,-40,-35,35,40,4,0.68759227,0.8046750116639448,-0.11708274166394483
-40_40,-40,-35,40,45,6,0.66944975,0.8124146203341551,-0.14296487033415517
-40_45,-40,-35,45,50,4,0.65119267,0.8145612687566215,-0.16336859875662146
-40_50,-40,-35,50,55,6,0.654441,0.8103467200334595,-0.15590572003345948
-40_55,-40,-35,55,60,4,0.65307635,0.8009850831105926,-0.1479087331105926
-40_60,-40,-35,60,65,6,0.66188806,0.7893094423251464,-0.12742138232514644
-40_65,-40,-35,65,70,4,0.67814416,0.7730884535784557,-0.09494429357845569
-40_70,-40,-35,70,75,6,0.6978695,0.7533573775165054,-0.05548787751650541
-40_75,-40,-35,75,80,4,0.7090047,0.7356547305710734,-0.026650030571073402
-40_80,-40,-35,80,85,6,0.69323975,0.7089616863795367,-0.015721936379536672
-40_85,-40,-35,85,90,4,0.6980131,0.6899524792200897,0.008060620779910321
-40_90,-40,-35,90,95,6,0.7150631,0.6748160597680491,0.040247040231950804
-40_95,-40,-35,95,100,4,0.72804445,0.663501365715824,0.06454308428417599
-40_100,-40,-35,100,105,6,0.7533119,0.6602030501324397,0.0931088498675603
-40_105,-40,-35,105,110,4,0.7914015,0.6633383736564943,0.1280631263435057
-40_110,-40,-35,110,115,6,0.8058684,0.6630769764272009,0.14279142357279917
-40_115,-40,-35,115,120,4,0.75026315,0.6726025160641345,0.07766063393586553
-40_120,-40,-35,120,125,6,0.6975527,0.7030684193911532,-0.00551571939115314
-40_125,-40,-35,125,130,4,0.6730422,0.7297763248503507,-0.056734124850350676
-40_130,-40,-35,130,135,6,0.6568468,0.7460944336482733,-0.08924763364827337
-40_135,-40,-35,135,140,4,0.64789146,0.7484718515304547,-0.10058039153045473
-40_140,-40,-35,140,145,6,0.74095696,,
-40_145,-40,-35,145,150,4,0.82796156,,
-40_150,-40,-35,150,155,6,0.9703033,,
-40_155,-40,-35,155,160,4,0.9206002,0.8319330871306209,0.08866711286937912
-40_160,-40,-35,160,165,6,0.8712673,0.8558933066101261,0.015373993389873886
-40_165,-40,-35,165,170,4,0.83865756,0.8671421084080279,-0.028484548408027832
-40_170,-40,-35,170,175,6,0.8583529,,
-40_175,-40,-35,175,180,4,0.8802369,,
-35_-180,-35,-30,-180,-175,9,0.8530786,0.9596516188395752,-0.10657301883957515
-35_-175,-35,-30,-175,-170,6,0.8219132,0.9740264110559939,-0.15211321105599385
-35_-170,-35,-30,-170,-165,9,0.7941039,0.9814218215880401,-0.18731792158804017
-35_-165,-35,-30,-165,-160,6,0.77674127,0.985529252115586,-0.2087879821155859
-35_-160,-35,-30,-160,-155,9,0.7699632,0.9868530963036061,-0.2168898963036061
-35_-155,-35,-30,-155,-150,6,0.76477295,0.986312042265919,-0.22153909226591895
-35_-150,-35,-30,-150,-145,9,0.76645696,0.9848649781589012,-0.2184080181589012
-35_-145,-35,-30,-145,-140,6,0.7646067,0.9838137163422014,-0.2192070163422014
-35_-140,-35,-30,-140,-135,9,0.7528624,0.981129375967397,-0.22826697596739698
-35_-135,-35,-30,-135,-130,6,0.7416465,0.9758506738252484,-0.23420417382524839
-35_-130,-35,-30,-130,-125,9,0.7188336,0.9687777354521664,-0.24994413545216643
-35_-125,-35,-30,-125,-120,6,0.68981856,0.9600659158792818,-0.27024735587928184
-35_-120,-35,-30,-120,-115,9,0.6569958,0.950644426029318,-0.29364862602931796
-35_-115,-35,-30,-115,-110,6,0.6268043,0.940281125484084,-0.31347682548408407
-35_-110,-35,-30,-110,-105,9,0.5884462,0.9276410176794698,-0.3391948176794698
-35_-105,-35,-30,-105,-100,6,0.5555287,0.9187925830466988,-0.36326388304669877
-35_-100,-35,-30,-100,-95,9,0.53787094,0.9127160380054684,-0.3748450980054684
-35_-95,-35,-30,-95,-90,6,0.5286321,0.9085757636822471,-0.3799436636822471
-35_-90,-35,-30,-90,-85,9,0.5183273,0.8942288126903533,-0.3759015126903532
-35_-85,-35,-30,-85,-80,6,0.50601304,0.8584021988784165,-0.3523891588784165
-35_-80,-35,-30,-80,-75,9,0.52382284,0.7951996009220399,-0.2713767609220399
-35_-75,-35,-30,-75,-70,6,0.75122833,,
-35_-70,-35,-30,-70,-65,9,1.1456676,,
-35_-65,-35,-30,-65,-60,6,0.8174699,,
-35_-60,-35,-30,-60,-55,9,0.96787286,1.3724620198830717,-0.40458915988307176
-35_-55,-35,-30,-55,-50,6,1.1957121,,
-35_-50,-35,-30,-50,-45,9,0.9830606,0.9696822921980734,0.013378307801926503
-35_-45,-35,-30,-45,-40,6,0.93724895,0.9717715926996149,-0.034522642699614914
-35_-40,-35,-30,-40,-35,9,0.9138899,0.9621551702381685,-0.04826527023816851
-35_-35,-35,-30,-35,-30,6,0.88333964,0.9479932145972094,-0.06465357459720944
-35_-30,-35,-30,-30,-25,9,0.85017425,0.9314361014486876,-0.08126185144868758
-35_-25,-35,-30,-25,-20,6,0.813752,0.9143496296430951,-0.10059762964309504
-35_-20,-35,-30,-20,-15,9,0.7858617,0.8980302896768532,-0.11216858967685317
-35_-15,-35,-30,-15,-10,6,0.77046233,0.8827284617560132,-0.11226613175601319
-35_-10,-35,-30,-10,-5,9,0.7706989,0.8705851543869387,-0.09988625438693877
-35_-5,-35,-30,-5,0,6,0.78685886,0.8595135824128753,-0.0726547224128753
-35_0,-35,-30,0,5,9,0.83385104,0.8394537499038606,-0.005602709903860581
-35_5,-35,-30,5,10,6,0.86345476,0.8119442227282416,0.05151053727175836
-35_10,-35,-30,10,15,9,0.8703153,0.7879492425135993,0.08236605748640069
-35_15,-35,-30,15,20,6,0.9326156,,
-35_20,-35,-30,20,25,9,1.2582328,,
-35_25,-35,-30,25,30,6,1.0909877,,
-35_30,-35,-30,30,35,9,0.8525654,,
-35_35,-35,-30,35,40,6,0.8441935,0.9705424701884691,-0.12634897018846902
-35_40,-35,-30,40,45,9,0.86328304,0.9779650531072793,-0.11468201310727932
-35_45,-35,-30,45,50,6,0.8923375,0.9785476726841196,-0.08621017268411957
-35_50,-35,-30,50,55,9,0.90239406,0.976479605816691,-0.07408554581669102
-35_55,-35,-30,55,60,6,0.8932152,0.9729675082007415,-0.07975230820074153
-35_60,-35,-30,60,65,9,0.87072307,0.9653371051837372,-0.09461403518373712
-35_65,-35,-30,65,70,6,0.8569136,0.9548932875666098,-0.0979796875666098
-35_70,-35,-30,70,75,9,0.856035,0.9408484674393393,-0.08481346743933926
-35_75,-35,-30,75,80,6,0.85735613,0.922943792160649,-0.06558766216064904
-35_80,-35,-30,80,85,9,0.85703915,0.8922391925478791,-0.03520004254787912
-35_85,-35,-30,85,90,6,0.8592515,0.8643747866328704,-0.005123286632870427
-35_90,-35,-30,90,95,9,0.86278385,0.836963891804012,0.025819958195988035
-35_95,-35,-30,95,100,6,0.8550016,0.818257612411928,0.03674398758807207
-35_100,-35,-30,100,105,9,0.85876745,0.7999181111855785,0.05884933881442145
-35_105,-35,-30,105,110,6,0.8315508,0.7745532613802396,0.056997538619760424
-35_110,-35,-30,110,115,9,0.7934502,0.7517708277088481,0.04167937229115193
-35_115,-35,-30,115,120,6,0.99234694,,
-35_120,-35,-30,120,125,9,0.8425281,,
-35_125,-35,-30,125,130,6,0.7556453,,
-35_130,-35,-30,130,135,9,0.77246684,,
-35_135,-35,-30,135,140,6,0.9552247,,
-35_140,-35,-30,140,145,9,1.0989205,,
-35_145,-35,-30,145,150,6,1.054953,,
-35_150,-35,-30,150,155,9,0.9703257,,
-35_155,-35,-30,155,160,6,0.9040763,0.915250667076259,-0.011174367076258962
-35_160,-35,-30,160,165,9,0.9193858,0.9302537087411443,-0.010867908741144294
-35_165,-35,-30,165,170,6,0.9162233,0.9388188608551767,-0.022595560855176777
-35_170,-35,-30,170,175,9,0.91757804,0.9425098817767125,-0.024931841776712482
-35_175,-35,-30,175,180,6,0.88776374,0.9377042250114237,-0.049940485011423674
-30_-180,-30,-25,-180,-175,6,0.8362374,0.9643516309359931,-0.12811423093599306
-30_-175,-30,-25,-175,-170,4,0.8041791,0.969981988679042,-0.16580288867904192
-30_-170,-30,-25,-170,-165,6,0.775644,0.9739847097235453,-0.19834070972354534
-30_-165,-30,-25,-165,-160,4,0.75066763,0.9788803041421124,-0.22821267414211233
-30_-160,-30,-25,-160,-155,6,0.7286063,0.9857379251211171,-0.2571316251211171
-30_-155,-30,-25,-155,-150,4,0.70892996,0.994393049997038,-0.28546308999703807
-30_-150,-30,-25,-150,-145,6,0.6987452,1.00509491702933,-0.30634971702933
-30_-145,-30,-25,-145,-140,4,0.6863058,1.0153894331820694,-0.32908363318206946
-30_-140,-30,-25,-140,-135,6,0.67330617,1.0266291867097865,-0.3533230167097865
-30_-135,-30,-25,-135,-130,4,0.65346164,1.0339914374662802,-0.38052979746628024
-30_-130,-30,-25,-130,-125,6,0.6194068,1.0341182181000343,-0.4147114181000343
-30_-125,-30,-25,-125,-120,4,0.57629925,1.027294803013529,-0.4509955530135289
-30_-120,-30,-25,-120,-115,6,0.5369031,1.015702142830519,-0.4787990428305191
-30_-115,-30,-25,-115,-110,4,0.5152763,1.002144966860936,-0.4868686668609359
-30_-110,-30,-25,-110,-105,6,0.4965758,0.9873763308779786,-0.4908005308779786
-30_-105,-30,-25,-105,-100,4,0.4764202,0.9731809109112299,-0.4967607109112299
-30_-100,-30,-25,-100,-95,6,0.47175553,0.9560787596184727,-0.4843232296184727
-30_-95,-30,-25,-95,-90,4,0.47150072,0.9258699137848346,-0.45436919378483465
-30_-90,-30,-25,-90,-85,6,0.4735442,0.8735880562988265,-0.4000438562988265
-30_-85,-30,-25,-85,-80,4,0.4773762,0.808787134996307,-0.33141093499630697
-30_-80,-30,-25,-80,-75,6,0.5048831,0.7436521784695436,-0.23876907846954354
-30_-75,-30,-25,-75,-70,4,0.68825495,0.7558883735930779,-0.06763342359307789
-30_-70,-30,-25,-70,-65,6,1.4334751,,
-30_-65,-30,-25,-65,-60,4,1.0454607,,
-30_-60,-30,-25,-60,-55,6,1.28143,,
-30_-55,-30,-25,-55,-50,4,1.3764635,,
-30_-50,-30,-25,-50,-45,6,1.0310822,,
-30_-45,-30,-25,-45,-40,4,0.92048,0.9730846368551341,-0.05260463685513417
-30_-40,-30,-25,-40,-35,6,0.8732257,0.9785572190929605,-0.10533151909296046
-30_-35,-30,-25,-35,-30,4,0.8210182,0.9851515226600469,-0.16413332266004688
-30_-30,-30,-25,-30,-25,6,0.7821856,0.9855664284774164,-0.20338082847741634
-30_-25,-30,-25,-25,-20,4,0.7568736,0.9798196888679059,-0.2229460888679059
-30_-20,-30,-25,-20,-15,6,0.74716383,0.9686078974086303,-0.22144406740863032
-30_-15,-30,-25,-15,-10,4,0.7527107,0.9517937910533883,-0.1990830910533884
-30_-10,-30,-25,-10,-5,6,0.77137333,0.9150438638976536,-0.1436705338976536
-30_-5,-30,-25,-5,0,4,0.7869637,0.8637593415435835,-0.07679564154358343
-30_0,-30,-25,0,5,6,0.79510754,0.8043061990520121,-0.009198659052012115
-30_5,-30,-25,5,10,4,0.8022404,0.7464240229217678,0.05581637707823217
-30_10,-30,-25,10,15,6,0.80375767,0.7228967428002202,0.08086092719977978
-30_15,-30,-25,15,20,4,1.2718253,,
-30_20,-30,-25,20,25,6,1.7832948,,
-30_25,-30,-25,25,30,4,1.4884164,,
-30_30,-30,-25,30,35,6,1.147087,,
-30_35,-30,-25,35,40,4,0.99957865,0.9747410310932834,0.024837618906716652
-30_40,-30,-25,40,45,6,1.018613,0.9449709034044541,0.07364209659554588
-30_45,-30,-25,45,50,4,1.0347342,0.9387340231311345,0.09600017686886542
-30_50,-30,-25,50,55,6,1.0238595,0.9563204500802053,0.06753904991979465
-30_55,-30,-25,55,60,4,0.9847027,0.9507966852900875,0.0339060147099125
-30_60,-30,-25,60,65,6,0.94485563,0.9378566003096571,0.006999029690342828
-30_65,-30,-25,65,70,4,0.9132191,0.9234750227380546,-0.010255922738054646
-30_70,-30,-25,70,75,6,0.8953572,0.9101781328272738,-0.014820932827273814
-30_75,-30,-25,75,80,4,0.87966645,0.895716438981617,-0.016049988981617025
-30_80,-30,-25,80,85,6,0.8592262,0.8789575970698981,-0.019731397069898016
-30_85,-30,-25,85,90,4,0.8454695,0.8604166341329564,-0.014947134132956452
-30_90,-30,-25,90,95,6,0.82955676,0.8387542277041894,-0.009197467704189388
-30_95,-30,-25,95,100,4,0.8087388,0.8145588990373965,-0.005820099037396553
-30_100,-30,-25,100,105,6,0.79300386,0.7861758171976433,0.006828042802356715
-30_105,-30,-25,105,110,4,0.79067117,0.7549521343085387,0.03571903569146129
-30_110,-30,-25,110,115,6,0.8732459,,
-30_115,-30,-25,115,120,4,1.300114,,
-30_120,-30,-25,120,125,6,1.163989,,
-30_125,-30,-25,125,130,4,1.0833186,,
-30_130,-30,-25,130,135,6,1.1026765,,
-30_135,-30,-25,135,140,4,1.2514769,,
-30_140,-30,-25,140,145,6,1.3431355,,
-30_145,-30,-25,145,150,4,1.2950257,,
-30_150,-30,-25,150,155,6,1.0728234,,
-30_155,-30,-25,155,160,4,0.9040653,0.9487353726898382,-0.04467007268983825
-30_160,-30,-25,160,165,6,0.9402905,0.9477928146845479,-0.007502314684547873
-30_165,-30,-25,165,170,4,0.9345576,0.9473687404541239,-0.012811140454123904
-30_170,-30,-25,170,175,6,0.91103286,0.9517603986066794,-0.040727538606679325
-30_175,-30,-25,175,180,4,0.87278634,0.9576212823230272,-0.08483494232302724
-25_-180,-25,-20,-180,-175,9,0.78731006,0.9345740550264716,-0.14726399502647158
-25_-175,-25,-20,-175,-170,6,0.74262077,0.9476341929551626,-0.20501342295516256
-25_-170,-25,-20,-170,-165,9,0.7064126,0.9590586505000965,-0.2526460505000966
-25_-165,-25,-20,-165,-160,6,0.68233323,0.9697770900390602,-0.2874438600390602
-25_-160,-25,-20,-160,-155,9,0.6724454,0.9798232662749163,-0.30737786627491637
-25_-155,-25,-20,-155,-150,6,0.6712832,0.9893661383962882,-0.3180829383962882
-25_-150,-25,-20,-150,-145,9,0.66856337,0.9978816812755316,-0.32931831127553157
-25_-145,-25,-20,-145,-140,6,0.66564554,1.0031120972545815,-0.3374665572545815
-25_-140,-25,-20,-140,-135,9,0.65523845,1.0037842317067875,-0.3485457817067875
-25_-135,-25,-20,-135,-130,6,0.6416331,0.9975280365484434,-0.3558949365484434
-25_-130,-25,-20,-130,-125,9,0.6176812,0.983419354872734,-0.365738154872734
-25_-125,-25,-20,-125,-120,6,0.5803485,0.9640563638465344,-0.3837078638465343
-25_-120,-25,-20,-120,-115,9,0.527302,0.9404964776340157,-0.4131944776340156
-25_-115,-25,-20,-115,-110,6,0.47807822,0.9147223757855528,-0.4366441557855528
-25_-110,-25,-20,-110,-105,9,0.4454751,0.8883124958258674,-0.44283739582586734
-25_-105,-25,-20,-105,-100,6,0.4332575,0.8610472930866762,-0.42778979308667614
-25_-100,-25,-20,-100,-95,9,0.4402947,0.8309046942069109,-0.39060999420691095
-25_-95,-25,-20,-95,-90,6,0.46064565,0.7979954155066195,-0.33734976550661944
-25_-90,-25,-20,-90,-85,9,0.49812233,0.7645619460540146,-0.2664396160540146
-25_-85,-25,-20,-85,-80,6,0.5550688,0.736503419882793,-0.18143461988279297
-25_-80,-25,-20,-80,-75,9,0.6552395,0.7339539337299474,-0.07871443372994746
-25_-75,-25,-20,-75,-70,6,0.8153982,0.8052106088373514,0.010187591162648557
-25_-70,-25,-20,-70,-65,9,1.6049793,,
-25_-65,-25,-20,-65,-60,6,1.4488748,,
-25_-60,-25,-20,-60,-55,9,1.8055795,,
-25_-55,-25,-20,-55,-50,6,1.6750525,,
-25_-50,-25,-20,-50,-45,9,1.4076729,,
-25_-45,-25,-20,-45,-40,6,1.0735978,,
-25_-40,-25,-20,-40,-35,9,0.83779705,0.9560369071844295,-0.11823985718442942
-25_-35,-25,-20,-35,-30,6,0.78268653,0.9252253150119746,-0.1425387850119746
-25_-30,-25,-20,-30,-25,9,0.75369084,0.8973453315944087,-0.14365449159440868
-25_-25,-25,-20,-25,-20,6,0.73939246,0.8674191500013616,-0.12802669000136158
-25_-20,-25,-20,-20,-15,9,0.7421787,0.8365720986758246,-0.09439339867582464
-25_-15,-25,-20,-15,-10,6,0.75157017,0.8048909709556233,-0.053320800955623304
-25_-10,-25,-20,-10,-5,9,0.76460433,0.7728420571195613,-0.008237727119561278
-25_-5,-25,-20,-5,0,6,0.7792706,0.7403656738652504,0.03890492613474961
-25_0,-25,-20,0,5,9,0.7966193,0.7131480038300487,0.0834712961699513
-25_5,-25,-20,5,10,6,0.813426,0.7042244990850258,0.10920150091497416
-25_10,-25,-20,10,15,9,0.91749734,,
-25_15,-25,-20,15,20,6,1.7179297,,
-25_20,-25,-20,20,25,9,1.8655434,,
-25_25,-25,-20,25,30,6,1.6797267,,
-25_30,-25,-20,30,35,9,1.3642683,,
-25_35,-25,-20,35,40,6,1.0402657,0.9660161705180763,0.07424952948192365
-25_40,-25,-20,40,45,9,1.1177658,,
-25_45,-25,-20,45,50,6,1.1287254,,
-25_50,-25,-20,50,55,9,0.90626377,0.9333857550151016,-0.027121985015101546
-25_55,-25,-20,55,60,6,0.8565504,0.8946347617182913,-0.038084361718291215
-25_60,-25,-20,60,65,9,0.80710953,0.8580971930290786,-0.050987663029078645
-25_65,-25,-20,65,70,6,0.7745917,0.8289845065767667,-0.054392806576766706
-25_70,-25,-20,70,75,9,0.7600312,0.803063341915178,-0.04303214191517801
-25_75,-25,-20,75,80,6,0.7563613,0.7801960893010044,-0.023834789301004355
-25_80,-25,-20,80,85,9,0.7613805,0.7610216470893472,0.0003588529106528515
-25_85,-25,-20,85,90,6,0.7713582,0.7461449954425479,0.02521320455745213
-25_90,-25,-20,90,95,9,0.7817185,0.7371712224688365,0.0445472775311635
-25_95,-25,-20,95,100,6,0.7915767,0.7335836469676219,0.05799305303237812
-25_100,-25,-20,100,105,9,0.81127465,0.736810337572616,0.07446431242738394
-25_105,-25,-20,105,110,6,0.84554434,0.7471148274170996,0.09842951258290045
-25_110,-25,-20,110,115,9,0.95648414,,
-25_115,-25,-20,115,120,6,1.3381184,0.9580671698200983,0.3800512301799016
-25_120,-25,-20,120,125,9,1.362593,,
-25_125,-25,-20,125,130,6,1.3563393,,
-25_130,-25,-20,130,135,9,1.3388408,,
-25_135,-25,-20,135,140,6,1.3701863,,
-25_140,-25,-20,140,145,9,1.4059565,,
-25_145,-25,-20,145,150,6,1.2505488,,
-25_150,-25,-20,150,155,9,0.9891897,,
-25_155,-25,-20,155,160,6,0.9075989,0.871022542707607,0.03657635729239295
-25_160,-25,-20,160,165,9,0.9355955,0.8777151633428216,0.0578803366571784
-25_165,-25,-20,165,170,6,0.91904336,0.8949907603070139,0.02405259969298612
-25_170,-25,-20,170,175,9,0.87833446,0.9026134735064826,-0.02427901350648254
-25_175,-25,-20,175,180,6,0.833586,0.9178766271104393,-0.08429062711043922
-20_-180,-20,-15,-180,-175,6,0.76249295,0.9856450404227636,-0.22315209042276363
-20_-175,-20,-15,-175,-170,4,0.7344252,0.9902117005443376,-0.2557865005443376
-20_-170,-20,-15,-170,-165,6,0.73132366,0.9986497116426379,-0.2673260516426379
-20_-165,-20,-15,-165,-160,4,0.7395316,1.0015713014347096,-0.26203970143470967
-20_-160,-20,-15,-160,-155,6,0.7565729,1.0007511370855116,-0.24417823708551156
-20_-155,-20,-15,-155,-150,4,0.7725622,0.9981945232887593,-0.22563232328875937
-20_-150,-20,-15,-150,-145,6,0.77984405,0.9912795679358873,-0.21143551793588733
-20_-145,-20,-15,-145,-140,4,0.7719135,0.9768549562944667,-0.2049414562944667
-20_-140,-20,-15,-140,-135,6,0.7483477,0.9572333747940917,-0.2088856747940917
-20_-135,-20,-15,-135,-130,4,0.7162678,0.9327146055078964,-0.2164468055078964
-20_-130,-20,-15,-130,-125,6,0.6709986,0.9049495145894719,-0.23395091458947193
-20_-125,-20,-15,-125,-120,4,0.61749357,0.8764166459814747,-0.2589230759814747
-20_-120,-20,-15,-120,-115,6,0.5701583,0.8479946821110166,-0.2778363821110166
-20_-115,-20,-15,-115,-110,4,0.5399084,0.8210620901635208,-0.2811536901635209
-20_-110,-20,-15,-110,-105,6,0.53644854,0.7963976187844197,-0.25994907878441975
-20_-105,-20,-15,-105,-100,4,0.5528887,0.7728867783016115,-0.21999807830161144
-20_-100,-20,-15,-100,-95,6,0.58811384,0.7502180658520033,-0.16210422585200335
-20_-95,-20,-15,-95,-90,4,0.6465403,0.7302766370408911,-0.08373633704089112
-20_-90,-20,-15,-90,-85,6,0.7224512,0.7186041877391395,0.003847012260860483
-20_-85,-20,-15,-85,-80,4,0.80846596,0.7216726400566098,0.08679331994339023
-20_-80,-20,-15,-80,-75,6,0.93061465,0.7681890580723958,0.1624255919276042
-20_-75,-20,-15,-75,-70,4,1.1586895,,
-20_-70,-20,-15,-70,-65,6,1.6496563,,
-20_-65,-20,-15,-65,-60,4,1.8320149,,
-20_-60,-20,-15,-60,-55,6,2.0860574,,
-20_-55,-20,-15,-55,-50,4,1.704289,,
-20_-50,-20,-15,-50,-45,6,1.6182901,,
-20_-45,-20,-15,-45,-40,4,1.3392477,,
-20_-40,-20,-15,-40,-35,6,0.88241595,,
-20_-35,-20,-15,-35,-30,4,0.74196553,0.8530231504919727,-0.11105762049197276
-20_-30,-20,-15,-30,-25,6,0.7377391,0.8120103485082123,-0.07427124850821232
-20_-25,-20,-15,-25,-20,4,0.75057375,0.7821094879397953,-0.03153573793979525
-20_-20,-20,-15,-20,-15,6,0.7726543,0.7597960422271675,0.01285825777283256
-20_-15,-20,-15,-15,-10,4,0.79791117,0.7403421640070315,0.05756900599296855
-20_-10,-20,-15,-10,-5,6,0.83124876,0.7242603197074235,0.10698844029257648
-20_-5,-20,-15,-5,0,4,0.86571395,0.7158975888470106,0.14981636115298935
-20_0,-20,-15,0,5,6,0.89090616,0.7279224493891208,0.16298371061087924
-20_5,-20,-15,5,10,4,0.92506486,0.7677559091240779,0.15730895087592212
-20_10,-20,-15,10,15,6,1.2247633,,
-20_15,-20,-15,15,20,4,1.7151742,,
-20_20,-20,-15,20,25,6,1.8560762,,
-20_25,-20,-15,25,30,4,1.7175745,,
-20_30,-20,-15,30,35,6,1.431194,,
-20_35,-20,-15,35,40,4,1.2135984,,
-20_40,-20,-15,40,45,6,1.0655254,1.0519085269386026,0.013616873061397472
-20_45,-20,-15,45,50,4,1.1201447,,
-20_50,-20,-15,50,55,6,0.8666758,0.9533566973513782,-0.08668089735137818
-20_55,-20,-15,55,60,4,0.8274073,0.8704131768275619,-0.04300587682756196
-20_60,-20,-15,60,65,6,0.81031567,0.8363068818573898,-0.02599121185738973
-20_65,-20,-15,65,70,4,0.80182076,0.8037168264375372,-0.0018960664375371472
-20_70,-20,-15,70,75,6,0.8006363,0.7760749851155587,0.024561314884441243
-20_75,-20,-15,75,80,4,0.80050886,0.7544133450883765,0.04609551491162345
-20_80,-20,-15,80,85,6,0.8034437,0.740125451987423,0.06331824801257702
-20_85,-20,-15,85,90,4,0.8072626,0.7331839673789399,0.07407863262106018
-20_90,-20,-15,90,95,6,0.8208201,0.735631898864933,0.08518820113506709
-20_95,-20,-15,95,100,4,0.847482,0.7474314788508716,0.10005052114912838
-20_100,-20,-15,100,105,6,0.8909723,0.7735799769651676,0.11739232303483249
-20_105,-20,-15,105,110,4,0.9529983,0.81603614851043,0.13696215148956992
-20_110,-20,-15,110,115,6,1.0004092,0.8828860382922391,0.11752316170776089
-20_115,-20,-15,115,120,4,1.0009817,0.9708430854939579,0.03013861450604216
-20_120,-20,-15,120,125,6,1.1538359,,
-20_125,-20,-15,125,130,4,1.3016737,,
-20_130,-20,-15,130,135,6,1.3387742,,
-20_135,-20,-15,135,140,4,1.3026048,,
-20_140,-20,-15,140,145,6,1.2076776,,
-20_145,-20,-15,145,150,4,0.96730447,,
-20_150,-20,-15,150,155,6,0.9087809,0.8539921830988089,0.05478871690119114
-20_155,-20,-15,155,160,4,0.9194478,0.8624576008986039,0.05699019910139613
-20_160,-20,-15,160,165,6,0.90881604,0.8807776809503352,0.028038359049664896
-20_165,-20,-15,165,170,4,0.8856481,0.9093022477710113,-0.02365414777101127
-20_170,-20,-15,170,175,6,0.84314084,0.9375643721049974,-0.09442353210499743
-20_175,-20,-15,175,180,4,0.81885034,0.988696823542642,-0.16984648354264198
-15_-180,-15,-10,-180,-175,9,0.8448523,1.0516226185329896,-0.20677031853298955
-15_-175,-15,-10,-175,-170,6,0.85888577,1.0505638443310632,-0.1916780743310632
-15_-170,-15,-10,-170,-165,9,0.87962717,1.0331145092738445,-0.1534873392738445
-15_-165,-15,-10,-165,-160,6,0.9032192,1.0175110322642207,-0.11429183226422068
-15_-160,-15,-10,-160,-155,9,0.92212135,1.0002232126127217,-0.07810186261272178
-15_-155,-15,-10,-155,-150,6,0.93505526,0.9809546195719834,-0.04589935957198332
-15_-150,-15,-10,-150,-145,9,0.9336037,0.9586875991765944,-0.02508389917659437
-15_-145,-15,-10,-145,-140,6,0.92401505,0.9340311467438787,-0.01001609674387871
-15_-140,-15,-10,-140,-135,9,0.9053977,0.9064968048964961,-0.001099104896496117
-15_-135,-15,-10,-135,-130,6,0.8822091,0.8790324967305826,0.0031766032694173774
-15_-130,-15,-10,-130,-125,9,0.8567579,0.8520840988573258,0.004673801142674128
-15_-125,-15,-10,-125,-120,6,0.8350839,0.8264504042267729,0.00863349577322714
-15_-120,-15,-10,-120,-115,9,0.82200027,0.8028901682434372,0.019110101756562803
-15_-115,-15,-10,-115,-110,6,0.8220844,0.7824233650890131,0.039661034910986936
-15_-110,-15,-10,-110,-105,9,0.8348216,0.7662121127302968,0.06860948726970328
-15_-105,-15,-10,-105,-100,6,0.8558507,0.7537044203880597,0.10214627961194023
-15_-100,-15,-10,-100,-95,9,0.8909559,0.7471841778371184,0.1437717221628816
-15_-95,-15,-10,-95,-90,6,0.9430879,0.7484213799903809,0.19466652000961904
-15_-90,-15,-10,-90,-85,9,1.0008161,0.7625248288104254,0.2382912711895746
-15_-85,-15,-10,-85,-80,6,1.0608053,0.7942083985296085,0.2665969014703915
-15_-80,-15,-10,-80,-75,9,1.2141416,,
-15_-75,-15,-10,-75,-70,6,1.525546,,
-15_-70,-15,-10,-70,-65,9,1.7097033,,
-15_-65,-15,-10,-65,-60,6,1.8364788,,
-15_-60,-15,-10,-60,-55,9,1.7015712,,
-15_-55,-15,-10,-55,-50,6,1.5821699,,
-15_-50,-15,-10,-50,-45,9,1.4682136,,
-15_-45,-15,-10,-45,-40,6,1.313091,,
-15_-40,-15,-10,-40,-35,9,0.90019727,,
-15_-35,-15,-10,-35,-30,6,0.78453904,0.8411745994800062,-0.0566355594800062
-15_-30,-15,-10,-30,-25,9,0.80993474,0.7987556234205899,0.011179116579410064
-15_-25,-15,-10,-25,-20,6,0.84375304,0.7735146805144225,0.07023835948557744
-15_-20,-15,-10,-20,-15,9,0.88022393,0.7616140435862814,0.11860988641371861
-15_-15,-15,-10,-15,-10,6,0.91634387,0.7583237329223823,0.15802013707761764
-15_-10,-15,-10,-10,-5,9,0.95101094,0.7650641096854721,0.18594683031452786
-15_-5,-15,-10,-5,0,6,0.9789509,0.7843713476046751,0.19457955239532487
-15_0,-15,-10,0,5,9,1.011374,0.8287320496539691,0.18264195034603092
-15_5,-15,-10,5,10,6,1.05629,0.9039527793889282,0.1523372206110718
-15_10,-15,-10,10,15,9,1.1571674,,
-15_15,-15,-10,15,20,6,1.4965206,,
-15_20,-15,-10,20,25,9,1.5340896,,
-15_25,-15,-10,25,30,6,1.5190078,,
-15_30,-15,-10,30,35,9,1.4342611,,
-15_35,-15,-10,35,40,6,1.301652,,
-15_40,-15,-10,40,45,9,1.0095083,,
-15_45,-15,-10,45,50,6,0.98399645,,
-15_50,-15,-10,50,55,9,0.9007826,,
-15_55,-15,-10,55,60,6,0.89223504,0.9247117195861989,-0.03247667958619893
-15_60,-15,-10,60,65,9,0.8955874,0.9020821314111629,-0.006494731411162857
-15_65,-15,-10,65,70,6,0.89663583,0.876546461378687,0.020089368621313053
-15_70,-15,-10,70,75,9,0.89529335,0.8547001443640821,0.04059320563591784
-15_75,-15,-10,75,80,6,0.89291644,0.838556918250698,0.05435952174930203
-15_80,-15,-10,80,85,9,0.89114505,0.8300518395219186,0.06109321047808136
-15_85,-15,-10,85,90,6,0.8881829,0.8288466378198991,0.05933626218010091
-15_90,-15,-10,90,95,9,0.88835835,0.8371652753491442,0.05119307465085576
-15_95,-15,-10,95,100,6,0.8977615,0.8560721919671679,0.041689308032832106
-15_100,-15,-10,100,105,9,0.91414714,0.8881573580629484,0.025989781937051593
-15_105,-15,-10,105,110,6,0.94664854,0.9301941004462928,0.01645443955370718
-15_110,-15,-10,110,115,9,0.9846592,0.9767441708203258,0.007915029179674127
-15_115,-15,-10,115,120,6,0.9823567,1.0170363599222072,-0.03467965992220723
-15_120,-15,-10,120,125,9,0.9623157,1.0463691336898038,-0.08405343368980378
-15_125,-15,-10,125,130,6,1.0280732,,
-15_130,-15,-10,130,135,9,1.0804553,,
-15_135,-15,-10,135,140,6,0.97415143,,
-15_140,-15,-10,140,145,9,0.97693944,,
-15_145,-15,-10,145,150,6,0.8890209,0.9281315955451241,-0.03911069554512414
-15_150,-15,-10,150,155,9,0.9028737,0.9495367432646228,-0.04666304326462278
-15_155,-15,-10,155,160,6,0.90660936,0.9608976735394945,-0.05428831353949448
-15_160,-15,-10,160,165,9,0.89539367,0.9993035341028513,-0.1039098641028513
-15_165,-15,-10,165,170,6,0.87469035,1.0243259927376973,-0.14963564273769736
-15_170,-15,-10,170,175,9,0.8506596,1.0405852085978637,-0.18992560859786378
-15_175,-15,-10,175,180,6,0.8401444,1.049146149996112,-0.2090017499961121
-10_-180,-10,-5,-180,-175,6,0.9550522,1.0314627160863934,-0.07641051608639338
-10_-175,-10,-5,-175,-170,4,0.97535086,1.0071485541454168,-0.03179769414541678
-10_-170,-10,-5,-170,-165,6,0.99296635,0.9859325210724381,0.00703382892756188
-10_-165,-10,-5,-165,-160,4,1.0060196,0.9666587648001133,0.039360835199886646
-10_-160,-10,-5,-160,-155,6,1.0126866,0.9502825202653237,0.06240407973467643
-10_-155,-10,-5,-155,-150,4,1.0127414,0.935687895672909,0.0770535043270909
-10_-150,-10,-5,-150,-145,6,1.0076252,0.9219907283287619,0.08563447167123817
-10_-145,-10,-5,-145,-140,4,1.0021131,0.9088867165723249,0.0932263834276752
-10_-140,-10,-5,-140,-135,6,0.99436873,0.895596365237069,0.09877236476293105
-10_-135,-10,-5,-135,-130,4,0.9896109,0.8839503403350343,0.10566055966496568
-10_-130,-10,-5,-130,-125,6,0.9888091,0.8729736966936217,0.11583540330637832
-10_-125,-10,-5,-125,-120,4,0.99091685,0.8625727128346218,0.12834413716537818
-10_-120,-10,-5,-120,-115,6,0.9963687,0.8524615436775239,0.14390715632247608
-10_-115,-10,-5,-115,-110,4,1.0066632,0.8430113278408425,0.16365187215915744
-10_-110,-10,-5,-110,-105,6,1.0258765,0.8358670163864543,0.19000948361354575
-10_-105,-10,-5,-105,-100,4,1.0463912,0.8316334409265999,0.2147577590734001
-10_-100,-10,-5,-100,-95,6,1.0764416,0.8368464601591359,0.23959513984086422
-10_-95,-10,-5,-95,-90,4,1.1149414,0.8551135508758059,0.2598278491241941
-10_-90,-10,-5,-90,-85,6,1.1577578,0.8903614485062304,0.2673963514937695
-10_-85,-10,-5,-85,-80,4,1.2006646,0.9451112318064753,0.2555533681935248
-10_-80,-10,-5,-80,-75,6,1.3696879,,
-10_-75,-10,-5,-75,-70,4,1.6669085,,
-10_-70,-10,-5,-70,-65,6,1.6956905,,
-10_-65,-10,-5,-65,-60,4,1.6633512,,
-10_-60,-10,-5,-60,-55,6,1.6800886,,
-10_-55,-10,-5,-55,-50,4,1.5680304,,
-10_-50,-10,-5,-50,-45,6,1.3546472,,
-10_-45,-10,-5,-45,-40,4,1.211547,,
-10_-40,-10,-5,-40,-35,6,0.96165204,,
-10_-35,-10,-5,-35,-30,4,0.852448,0.9174123539506139,-0.06496435395061395
-10_-30,-10,-5,-30,-25,6,0.88179713,0.8702972378298273,0.011499892170172776
-10_-25,-10,-5,-25,-20,4,0.9038056,0.8503470115241933,0.053458588475806645
-10_-20,-10,-5,-20,-15,6,0.9312472,0.8402530929013385,0.09099410709866151
-10_-15,-10,-5,-15,-10,4,0.96919084,0.8416432067272149,0.12754763327278507
-10_-10,-10,-5,-10,-5,6,1.0153747,0.8583197771679236,0.15705492283207634
-10_-5,-10,-5,-5,0,4,1.0621115,0.8880344624863772,0.1740770375136229
-10_0,-10,-5,0,5,6,1.1155099,0.9367516700263764,0.17875822997362356
-10_5,-10,-5,5,10,4,1.132403,1.003441646493416,0.1289613535065841
-10_10,-10,-5,10,15,6,1.1184839,,
-10_15,-10,-5,15,20,4,1.3056506,,
-10_20,-10,-5,20,25,6,1.3261181,,
-10_25,-10,-5,25,30,4,1.3312325,,
-10_30,-10,-5,30,35,6,1.2702315,,
-10_35,-10,-5,35,40,4,1.1660514,,
-10_40,-10,-5,40,45,6,0.943525,1.0229941927336266,-0.07946919273362663
-10_45,-10,-5,45,50,4,0.9297752,0.9896632101202406,-0.05988801012024059
-10_50,-10,-5,50,55,6,0.94878036,1.005334474349754,-0.0565541143497541
-10_55,-10,-5,55,60,4,0.9675944,1.0189691382983896,-0.05137473829838968
-10_60,-10,-5,60,65,6,0.97714764,1.0121710551859378,-0.03502341518593777
-10_65,-10,-5,65,70,4,0.979952,0.9992568879865193,-0.019304887986519303
-10_70,-10,-5,70,75,6,0.97828907,0.9875568295248555,-0.009267759524855479
-10_75,-10,-5,75,80,4,0.97715884,0.9802029296421524,-0.0030440896421524144
-10_80,-10,-5,80,85,6,0.97137064,0.9806614702141163,-0.009290830214116363
-10_85,-10,-5,85,90,4,0.9613987,0.9871247811074506,-0.02572608110745056
-10_90,-10,-5,90,95,6,0.94568306,1.0009094962052076,-0.05522643620520762
-10_95,-10,-5,95,100,4,0.9280416,1.022757721305659,-0.09471612130565887
-10_100,-10,-5,100,105,6,0.9005766,1.0536079281875383,-0.1530313281875384
-10_105,-10,-5,105,110,4,0.94535226,,
-10_110,-10,-5,110,115,6,0.98973227,,
-10_115,-10,-5,115,120,4,0.97398734,1.131049584222257,-0.157062244222257
-10_120,-10,-5,120,125,6,0.9590368,1.1121596386242152,-0.15312283862421516
-10_125,-10,-5,125,130,4,0.9296111,1.070333692222834,-0.1407225922228339
-10_130,-10,-5,130,135,6,0.91127604,1.0717544715011607,-0.1604784315011607
-10_135,-10,-5,135,140,4,0.9143294,1.0824895710046698,-0.16816017100466985
-10_140,-10,-5,140,145,6,1.010006,,
-10_145,-10,-5,145,150,4,1.0021533,,
-10_150,-10,-5,150,155,6,0.916209,1.0944275020179408,-0.17821850201794076
-10_155,-10,-5,155,160,4,0.933905,1.1224740761800467,-0.1885690761800467
-10_160,-10,-5,160,165,6,0.91410774,1.1153306267825296,-0.20122288678252964
-10_165,-10,-5,165,170,4,0.9055091,1.095309533987409,-0.1898004339874091
-10_170,-10,-5,170,175,6,0.91682106,1.0788625705533461,-0.16204151055334615
-10_175,-10,-5,175,180,4,0.93357015,1.055850004437115,-0.12227985443711509
-5_-180,-5,0,-180,-175,9,1.039183,0.9558768929526998,0.08330610704730013
-5_-175,-5,0,-175,-170,6,1.0540656,0.9414020731296142,0.11266352687038572
-5_-170,-5,0,-170,-165,9,1.0622087,0.9315756185516374,0.1306330814483626
-5_-165,-5,0,-165,-160,6,1.0667092,0.9247686740313146,0.14194052596868545
-5_-160,-5,0,-160,-155,9,1.0670316,0.9217339081002058,0.14529769189979413
-5_-155,-5,0,-155,-150,6,1.0659868,0.9224129191304374,0.14357388086956246
-5_-150,-5,0,-150,-145,9,1.0660754,0.9261041604701065,0.13997123952989343
-5_-145,-5,0,-145,-140,6,1.0667043,0.9312280235710851,0.1354762764289149
-5_-140,-5,0,-140,-135,9,1.0658613,0.9374779565017622,0.12838334349823766
-5_-135,-5,0,-135,-130,6,1.0657345,0.9445673124165692,0.12116718758343081
-5_-130,-5,0,-130,-125,9,1.0687485,0.9536617381991792,0.11508676180082089
-5_-125,-5,0,-125,-120,6,1.0762101,0.9649122757497381,0.1112978242502618
-5_-120,-5,0,-120,-115,9,1.0919976,0.9780521168551973,0.11394548314480268
-5_-115,-5,0,-115,-110,6,1.1081867,0.990902747032664,0.11728395296733607
-5_-110,-5,0,-110,-105,9,1.1316133,1.001809190758337,0.12980410924166286
-5_-105,-5,0,-105,-100,6,1.1567506,1.0095944037232851,0.14715619627671495
-5_-100,-5,0,-100,-95,9,1.1782519,1.0150801442695554,0.16317175573044462
-5_-95,-5,0,-95,-90,6,1.1825103,1.024631868252179,0.157878431747821
-5_-90,-5,0,-90,-85,9,1.1870934,1.0453329191916965,0.1417604808083035
-5_-85,-5,0,-85,-80,6,1.1622134,1.0747485029924708,0.08746489700752913
-5_-80,-5,0,-80,-75,9,1.3524481,1.268197866679583,0.08425023332041692
-5_-75,-5,0,-75,-70,6,1.4925141,,
-5_-70,-5,0,-70,-65,9,1.5476284,,
-5_-65,-5,0,-65,-60,6,1.6142336,,
-5_-60,-5,0,-60,-55,9,1.6904066,,
-5_-55,-5,0,-55,-50,6,1.5473646,,
-5_-50,-5,0,-50,-45,9,1.258034,,
-5_-45,-5,0,-45,-40,6,1.0705045,,
-5_-40,-5,0,-40,-35,9,0.9618067,,
-5_-35,-5,0,-35,-30,6,0.9292109,0.9734922866664485,-0.04428138666644854
-5_-30,-5,0,-30,-25,9,0.95974773,0.9920013789072376,-0.032253648907237586
-5_-25,-5,0,-25,-20,6,0.9821627,0.9921324083719473,-0.009969708371947217
-5_-20,-5,0,-20,-15,9,1.006918,0.9870101440467051,0.019907855953294917
-5_-15,-5,0,-15,-10,6,1.035159,0.9830418242404331,0.05211717575956687
-5_-10,-5,0,-10,-5,9,1.0688254,0.9847331322115667,0.08409226778843326
-5_-5,-5,0,-5,0,6,1.1047255,1.000342123715489,0.104383376284511
-5_0,-5,0,0,5,9,1.1267061,1.0362648973148707,0.09044120268512934
-5_5,-5,0,5,10,6,1.1053594,1.0851047799191578,0.020254620080842223
-5_10,-5,0,10,15,9,1.1999221,,
-5_15,-5,0,15,20,6,1.3094522,,
-5_20,-5,0,20,25,9,1.3380568,,
-5_25,-5,0,25,30,6,1.2942529,,
-5_30,-5,0,30,35,9,1.2263522,,
-5_35,-5,0,35,40,6,1.0247837,,
-5_40,-5,0,40,45,9,0.97674346,,
-5_45,-5,0,45,50,6,0.9705872,1.0875711834826771,-0.11698398348267713
-5_50,-5,0,50,55,9,0.9903427,1.1092656094357687,-0.11892290943576866
-5_55,-5,0,55,60,6,1.0056831,1.1135750983171486,-0.10789199831714869
-5_60,-5,0,60,65,9,1.0060779,1.1145658048702882,-0.10848790487028825
-5_65,-5,0,65,70,6,1.0025605,1.114101903312274,-0.11154140331227413
-5_70,-5,0,70,75,9,0.9983758,1.1150789885913321,-0.11670318859133211
-5_75,-5,0,75,80,6,0.9911442,1.1181923603136885,-0.12704816031368849
-5_80,-5,0,80,85,9,0.97692615,1.1206521306821402,-0.14372598068214015
-5_85,-5,0,85,90,6,0.9586203,1.1233498610887283,-0.16472956108872827
-5_90,-5,0,90,95,9,0.9343978,1.135947898769848,-0.20155009876984797
-5_95,-5,0,95,100,6,0.8982393,1.1615344890743617,-0.2632951890743618
-5_100,-5,0,100,105,9,1.0234042,,
-5_105,-5,0,105,110,6,1.0066289,,
-5_110,-5,0,110,115,9,1.0763035,,
-5_115,-5,0,115,120,6,1.0260056,,
-5_120,-5,0,120,125,9,1.0297464,,
-5_125,-5,0,125,130,6,0.9682317,1.1663017915299365,-0.1980700915299365
-5_130,-5,0,130,135,9,1.0009232,,
-5_135,-5,0,135,140,6,1.0299464,,
-5_140,-5,0,140,145,9,1.0313411,,
-5_145,-5,0,145,150,6,0.9480629,1.1353275577714688,-0.18726465777146872
-5_150,-5,0,150,155,9,0.9476528,1.1400785120804966,-0.19242571208049664
-5_155,-5,0,155,160,6,0.93161297,1.1014614056450978,-0.16984843564509777
-5_160,-5,0,160,165,9,0.9407533,1.0632816787109913,-0.12252837871099131
-5_165,-5,0,165,170,6,0.96184665,1.029128928960641,-0.06728227896064087
-5_170,-5,0,170,175,9,0.9897711,0.9997088410681857,-0.00993774106818568
-5_175,-5,0,175,180,6,1.0169482,0.9749592986901495,0.04198890130985056
0_-180,0,5,-180,-175,6,1.0142112,0.9621308925101659,0.052080307489834166
0_-175,0,5,-175,-170,4,1.0222273,0.9520510361494927,0.07017626385050724
0_-170,0,5,-170,-165,6,1.0291157,0.9454213498341424,0.08369435016585758
0_-165,0,5,-165,-160,4,1.036778,0.940716144269256,0.096061855730744
0_-160,0,5,-160,-155,6,1.0421894,0.9379096376529157,0.10427976234708436
0_-155,0,5,-155,-150,4,1.0448599,0.9377978282075317,0.1070620717924684
0_-150,0,5,-150,-145,6,1.0492549,0.9398823991952651,0.10937250080473493
0_-145,0,5,-145,-140,4,1.0524571,0.9422504778802773,0.11020662211972276
0_-140,0,5,-140,-135,6,1.0567731,0.9457588947757535,0.11101420522424654
0_-135,0,5,-135,-130,4,1.0652304,0.9504032885584967,0.11482711144150326
0_-130,0,5,-130,-125,6,1.0745927,0.9569391022384462,0.11765359776155371
0_-125,0,5,-125,-120,4,1.0950174,0.9668966376787468,0.12812076232125313
0_-120,0,5,-120,-115,6,1.1169091,0.9800312970260737,0.13687780297392627
0_-115,0,5,-115,-110,4,1.1400908,0.9965807681844432,0.14351003181555688
0_-110,0,5,-110,-105,6,1.1550127,1.0168180257322026,0.1381946742677973
0_-105,0,5,-105,-100,4,1.1634645,1.0392771240268313,0.12418737597316865
0_-100,0,5,-100,-95,6,1.1693707,1.0581716929035658,0.11119900709643415
0_-95,0,5,-95,-90,4,1.1665351,1.0846319225130285,0.0819031774869714
0_-90,0,5,-90,-85,6,1.1429995,1.1053368630861224,0.0376626369138775
0_-85,0,5,-85,-80,4,1.1017187,1.1729189166249232,-0.07120021662492326
0_-80,0,5,-80,-75,6,1.2282479,,
0_-75,0,5,-75,-70,4,1.3789886,,
0_-70,0,5,-70,-65,6,1.4829563,,
0_-65,0,5,-65,-60,4,1.6664865,,
0_-60,0,5,-60,-55,6,1.5049244,,
0_-55,0,5,-55,-50,4,1.4823174,,
0_-50,0,5,-50,-45,6,0.99008197,0.9933087991607569,-0.0032268291607568944
0_-45,0,5,-45,-40,4,0.9423995,0.9650841966301669,-0.022684696630166923
0_-40,0,5,-40,-35,6,0.9544918,0.9956476194702507,-0.04115581947025071
0_-35,0,5,-35,-30,4,0.97866285,1.032871345831325,-0.05420849583132503
0_-30,0,5,-30,-25,6,1.0036544,1.0537390011852186,-0.050084601185218514
0_-25,0,5,-25,-20,4,1.0222548,1.0576990092825813,-0.035444209282581296
0_-20,0,5,-20,-15,6,1.0408725,1.0490566435268316,-0.0081841435268315
0_-15,0,5,-15,-10,4,1.0587372,1.0431366420441721,0.01560055795582782
0_-10,0,5,-10,-5,6,1.0610834,1.0505001471395554,0.010583252860444592
0_-5,0,5,-5,0,4,1.0603913,1.0675266990078245,-0.00713539900782445
0_0,0,5,0,5,6,1.0748131,1.0876092759879974,-0.012796175987997316
0_5,0,5,5,10,4,1.0862956,1.1063624367399725,-0.02006683673997256
0_10,0,5,10,15,6,1.2840542,1.1573321791148774,0.12672202088512252
0_15,0,5,15,20,4,1.3773453,,
0_20,0,5,20,25,6,1.3433056,,
0_25,0,5,25,30,4,1.3053988,,
0_30,0,5,30,35,6,1.1912882,,
0_35,0,5,35,40,4,0.97151566,,
0_40,0,5,40,45,6,1.0411091,,
0_45,0,5,45,50,4,0.9988726,,
0_50,0,5,50,55,6,1.0101372,1.1876339357532046,-0.17749673575320468
0_55,0,5,55,60,4,1.0331738,1.1796848349338287,-0.14651103493382878
0_60,0,5,60,65,6,1.0322876,1.1802116825221802,-0.14792408252218014
0_65,0,5,65,70,4,1.0201112,1.1873362791766267,-0.16722507917662655
0_70,0,5,70,75,6,1.0058798,1.1916178350677062,-0.18573803506770625
0_75,0,5,75,80,4,0.9936136,1.1844927570963963,-0.19087915709639636
0_80,0,5,80,85,6,0.9837764,1.170913084092767,-0.18713668409276707
0_85,0,5,85,90,4,0.9704989,1.1595477020362357,-0.18904880203623564
0_90,0,5,90,95,6,0.9508081,1.1517242173348676,-0.20091611733486758
0_95,0,5,95,100,4,1.0104896,,
0_100,0,5,100,105,6,1.1055757,,
0_105,0,5,105,110,4,0.943714,1.2084935357279933,-0.2647795357279933
0_110,0,5,110,115,6,1.1035641,,
0_115,0,5,115,120,4,1.1286587,,
0_120,0,5,120,125,6,1.0126079,1.2219138576682271,-0.20930595766822724
0_125,0,5,125,130,4,1.0070649,,
0_130,0,5,130,135,6,0.9755141,1.2158645474175398,-0.24035044741753975
0_135,0,5,135,140,4,0.97101736,1.180594787520559,-0.20957742752055886
0_140,0,5,140,145,6,0.9649172,1.1458628570981655,-0.18094565709816546
0_145,0,5,145,150,4,0.9587091,1.1156817844771671,-0.15697268447716717
0_150,0,5,150,155,6,0.95500094,1.0921153132758392,-0.1371143732758392
0_155,0,5,155,160,4,0.955226,1.066399323781817,-0.11117332378181699
0_160,0,5,160,165,6,0.96235484,1.0377643480581082,-0.0754095080581082
0_165,0,5,165,170,4,0.9739559,1.0119417429370134,-0.03798584293701346
0_170,0,5,170,175,6,0.98914784,0.9917307314733067,-0.002582891473306703
0_175,0,5,175,180,4,1.0037658,0.9752355859059938,0.028530214094006245
5_-180,5,10,-180,-175,9,1.0162339,0.9781939222306739,0.038039977769326105
5_-175,5,10,-175,-170,6,1.023607,0.979185447755974,0.044421552244025886
5_-170,5,10,-170,-165,9,1.0293413,0.9814992978558227,0.04784200214417733
5_-165,5,10,-165,-160,6,1.0328573,0.9856703489905435,0.04718695100945658
5_-160,5,10,-160,-155,9,1.0385039,0.9923185150253039,0.04618538497469615
5_-155,5,10,-155,-150,6,1.0443218,1.0022191574984758,0.04210264250152429
5_-150,5,10,-150,-145,9,1.0473096,1.0143160995235891,0.03299350047641081
5_-145,5,10,-145,-140,6,1.0486993,1.0269148167311495,0.02178448326885052
5_-140,5,10,-140,-135,9,1.0449878,1.0386735713421495,0.006314228657850363
5_-135,5,10,-135,-130,6,1.0447797,1.04954082163729,-0.004761121637289811
5_-130,5,10,-130,-125,9,1.0465925,1.058649286150622,-0.012056786150622001
5_-125,5,10,-125,-120,6,1.052616,1.0679806110179564,-0.015364611017956387
5_-120,5,10,-120,-115,9,1.0611811,1.078116716849358,-0.01693561684935796
5_-115,5,10,-115,-110,6,1.0636257,1.0898159773105074,-0.02619027731050738
5_-110,5,10,-110,-105,9,1.0595198,1.1060761875636633,-0.046556387563663426
5_-105,5,10,-105,-100,6,1.0578667,1.1297255011728755,-0.07185880117287557
5_-100,5,10,-100,-95,9,1.0700017,1.157330915037789,-0.08732921503778912
5_-95,5,10,-95,-90,6,1.1025081,1.1769649837472687,-0.07445688374726855
5_-90,5,10,-90,-85,9,1.133552,1.1790545481498016,-0.0455025481498017
5_-85,5,10,-85,-80,6,1.1599959,,
5_-80,5,10,-80,-75,9,1.2163432,,
5_-75,5,10,-75,-70,6,1.4220055,,
5_-70,5,10,-70,-65,9,1.5087814,,
5_-65,5,10,-65,-60,6,1.3915154,,
5_-60,5,10,-60,-55,9,1.1352081,,
5_-55,5,10,-55,-50,6,1.018175,,
5_-50,5,10,-50,-45,9,0.9594254,0.962911473512534,-0.003486073512534049
5_-45,5,10,-45,-40,6,0.96639305,0.9839495332795883,-0.017556483279588364
5_-40,5,10,-40,-35,9,0.9853431,1.0211929781369917,-0.0358498781369917
5_-35,5,10,-35,-30,6,1.0068535,1.0595232783462902,-0.052669778346290164
5_-30,5,10,-30,-25,9,1.0177312,1.0975093131577405,-0.07977811315774042
5_-25,5,10,-25,-20,6,1.009512,1.1314237749170288,-0.12191177491702887
5_-20,5,10,-20,-15,9,1.0149226,1.1291492972665327,-0.11422669726653267
5_-15,5,10,-15,-10,6,1.0627509,,
5_-10,5,10,-10,-5,9,1.1807672,,
5_-5,5,10,-5,0,6,1.1654545,,
5_0,5,10,0,5,9,1.152883,,
5_5,5,10,5,10,6,1.1740524,,
5_10,5,10,10,15,9,1.283575,,
5_15,5,10,15,20,6,1.3082438,,
5_20,5,10,20,25,9,1.3314257,,
5_25,5,10,25,30,6,1.3023852,,
5_30,5,10,30,35,9,1.1663469,,
5_35,5,10,35,40,6,1.1515555,,
5_40,5,10,40,45,9,1.0551071,,
5_45,5,10,45,50,6,1.0992075,,
5_50,5,10,50,55,9,1.0622633,,
5_55,5,10,55,60,6,1.0564255,1.1868369110312689,-0.13041141103126885
5_60,5,10,60,65,9,1.061749,1.1688323531927405,-0.10708335319274043
5_65,5,10,65,70,6,1.0401837,1.1467887707263824,-0.10660507072638237
5_70,5,10,70,75,9,1.0030048,1.1222967672664275,-0.11929196726642743
5_75,5,10,75,80,6,0.9844591,,
5_80,5,10,80,85,9,0.980047,1.1464491052469168,-0.1664021052469168
5_85,5,10,85,90,6,0.98101926,1.1585623106226481,-0.1775430506226482
5_90,5,10,90,95,9,0.96245754,1.1793238386813398,-0.2168662986813399
5_95,5,10,95,100,6,0.9949065,,
5_100,5,10,100,105,9,1.0136527,,
5_105,5,10,105,110,6,0.9417517,1.2012154523735525,-0.25946375237355257
5_110,5,10,110,115,9,0.9612573,1.2142464015172971,-0.25298910151729714
5_115,5,10,115,120,6,1.044273,,
5_120,5,10,120,125,9,1.007182,1.210949538580519,-0.20376753858051888
5_125,5,10,125,130,6,1.0013045,,
5_130,5,10,130,135,9,0.96675205,1.1798362339230577,-0.21308418392305772
5_135,5,10,135,140,6,0.9666751,1.1406313394931504,-0.17395623949315042
5_140,5,10,140,145,9,0.9673286,1.1038651406567659,-0.1365365406567659
5_145,5,10,145,150,6,0.9692525,1.0740818950688096,-0.10482939506880962
5_150,5,10,150,155,9,0.9709786,1.0485356156415557,-0.0775570156415557
5_155,5,10,155,160,6,0.97389317,1.0249306742892856,-0.05103750428928566
5_160,5,10,160,165,9,0.98133713,1.005929609673256,-0.02459247967325595
5_165,5,10,165,170,6,0.9891841,0.991763824071347,-0.0025797240713469893
5_170,5,10,170,175,9,0.9978679,0.9833517886182856,0.01451611138171438
5_175,5,10,175,180,6,1.0077878,0.9790741919768426,0.028713608023157366
10_-180,10,15,-180,-175,6,1.0551515,0.9103532753905861,0.14479822460941394
10_-175,10,15,-175,-170,4,1.0659829,0.9084819047592293,0.15750099524077077
10_-170,10,15,-170,-165,6,1.0772507,0.9070474879847739,0.17020321201522615
10_-165,10,15,-165,-160,4,1.0843546,0.9036552762068885,0.1806993237931115
10_-160,10,15,-160,-155,6,1.0939655,0.903318590758882,0.19064690924111793
10_-155,10,15,-155,-150,4,1.1051513,0.9162601244682068,0.18889117553179313
10_-150,10,15,-150,-145,6,1.1143903,0.9325418344335433,0.18184846556645662
10_-145,10,15,-145,-140,4,1.1110561,0.9502268829997574,0.16082921700024266
10_-140,10,15,-140,-135,6,1.0942982,0.973663476879469,0.12063472312053114
10_-135,10,15,-135,-130,4,1.0712678,1.0040078369131396,0.06725996308686044
10_-130,10,15,-130,-125,6,1.0471455,1.0388052027261054,0.008340297273894626
10_-125,10,15,-125,-120,4,1.0335376,1.0743912531784585,-0.04085365317845846
10_-120,10,15,-120,-115,6,1.0398334,1.10421465804977,-0.06438125804977002
10_-115,10,15,-115,-110,4,1.0470167,1.1233163400547062,-0.07629964005470624
10_-110,10,15,-110,-105,6,1.0540535,1.126609495825121,-0.07255599582512096
10_-105,10,15,-105,-100,4,1.0661974,1.1093383446062637,-0.04314094460626361
10_-100,10,15,-100,-95,6,1.0736722,1.0782558773375648,-0.004583677337564707
10_-95,10,15,-95,-90,4,1.1436622,1.0959851389830615,0.04767706101693858
10_-90,10,15,-90,-85,6,1.2809032,,
10_-85,10,15,-85,-80,4,1.1908195,,
10_-80,10,15,-80,-75,6,1.1002141,0.9169287444030112,0.18328535559698889
10_-75,10,15,-75,-70,4,1.1824182,,
10_-70,10,15,-70,-65,6,1.1182879,,
10_-65,10,15,-65,-60,4,1.0650647,0.8936768409262523,0.17138785907374765
10_-60,10,15,-60,-55,6,1.0239911,0.8859750891415534,0.1380160108584465
10_-55,10,15,-55,-50,4,1.0162616,0.8846550635849105,0.13160653641508946
10_-50,10,15,-50,-45,6,1.0061325,0.8920328269862421,0.11409967301375801
10_-45,10,15,-45,-40,4,1.0022062,0.9010070766181987,0.10119912338180137
10_-40,10,15,-40,-35,6,1.0185857,0.9178990424876944,0.10068665751230566
10_-35,10,15,-35,-30,4,1.0497075,0.9430228386485302,0.10668466135146981
10_-30,10,15,-30,-25,6,1.0675064,0.9747025653764106,0.09280383462358943
10_-25,10,15,-25,-20,4,1.0748563,0.9993847402699697,0.07547155973003028
10_-20,10,15,-20,-15,6,1.0988,,
10_-15,10,15,-15,-10,4,1.290521,,
10_-10,10,15,-10,-5,6,1.230894,,
10_-5,10,15,-5,0,4,1.1022501,,
10_0,10,15,0,5,6,1.0799206,,
10_5,10,15,5,10,4,1.0835347,,
10_10,10,15,10,15,6,1.0974251,,
10_15,10,15,15,20,4,1.149592,,
10_20,10,15,20,25,6,1.2695367,,
10_25,10,15,25,30,4,1.2534232,,
10_30,10,15,30,35,6,1.206072,,
10_35,10,15,35,40,4,1.2782202,,
10_40,10,15,40,45,6,1.143272,,
10_45,10,15,45,50,4,1.0555564,,
10_50,10,15,50,55,6,1.0758792,,
10_55,10,15,55,60,4,1.0698204,1.133941999312355,-0.06412159931235495
10_60,10,15,60,65,6,1.070859,1.1344828005748966,-0.06362380057489658
10_65,10,15,65,70,4,1.04732,1.083988526168324,-0.036668526168323945
10_70,10,15,70,75,6,0.9983013,1.0501971135153756,-0.051895813515375644
10_75,10,15,75,80,4,0.9105523,,
10_80,10,15,80,85,6,0.9131858,,
10_85,10,15,85,90,4,0.9722829,1.1447006204514152,-0.17241772045141524
10_90,10,15,90,95,6,0.9801219,1.14280758760858,-0.16268568760857993
10_95,10,15,95,100,4,0.9959228,1.1474594258465072,-0.15153662584650718
10_100,10,15,100,105,6,1.109008,,
10_105,10,15,105,110,4,1.1320075,,
10_110,10,15,110,115,6,0.95593166,1.205535887755265,-0.24960422775526514
10_115,10,15,115,120,4,0.9724414,1.1926242844958164,-0.22018288449581636
10_120,10,15,120,125,6,1.012101,1.183948952519829,-0.1718479525198291
10_125,10,15,125,130,4,0.98495495,1.1418925142583212,-0.15693756425832117
10_130,10,15,130,135,6,0.9769056,1.11218528320487,-0.13527968320486994
10_135,10,15,135,140,4,0.9775475,1.0816075622302719,-0.10406006223027187
10_140,10,15,140,145,6,0.980711,1.0465217945790848,-0.06581079457908479
10_145,10,15,145,150,4,0.9859485,1.0131672417231,-0.027218741723099904
10_150,10,15,150,155,6,0.9930447,0.9840103893735515,0.00903431062644855
10_155,10,15,155,160,4,1.003861,0.9595585826415164,0.044302417358483503
10_160,10,15,160,165,6,1.0135244,0.94062437139407,0.07290002860593014
10_165,10,15,165,170,4,1.0229915,0.9270718429184228,0.09591965708157724
10_170,10,15,170,175,6,1.0349892,0.9188104389786927,0.11617876102130731
10_175,10,15,175,180,4,1.044687,0.9133768504240561,0.13131014957594378
15_-180,15,20,-180,-175,9,1.0548232,0.8837210714103054,0.17110212858969454
15_-175,15,20,-175,-170,6,1.0646627,0.8815115443084557,0.18315115569154428
15_-170,15,20,-170,-165,9,1.077539,0.8803812003469271,0.1971577996530729
15_-165,15,20,-165,-160,6,1.0919923,0.8791301503759513,0.2128621496240487
15_-160,15,20,-160,-155,9,1.1118772,0.860808490221853,0.2510687097781469
15_-155,15,20,-155,-150,6,1.1232854,0.8447706776879481,0.278514722312052
15_-150,15,20,-150,-145,9,1.139222,0.8313310940512058,0.3078909059487942
15_-145,15,20,-145,-140,6,1.1480187,0.8242337119813218,0.32378498801867817
15_-140,15,20,-140,-135,9,1.1496314,0.8269400287163184,0.32269137128368164
15_-135,15,20,-135,-130,6,1.139723,0.8427140492251741,0.2970089507748259
15_-130,15,20,-130,-125,9,1.1133682,0.876653044123156,0.236715155876844
15_-125,15,20,-125,-120,6,1.0775102,0.925888809015723,0.15162139098427707
15_-120,15,20,-120,-115,9,1.0374589,0.9877582648290748,0.04970063517092527
15_-115,15,20,-115,-110,6,1.0147892,1.0498930236237383,-0.035103823623738206
15_-110,15,20,-110,-105,9,1.0305778,1.0952143869783253,-0.0646365869783252
15_-105,15,20,-105,-100,6,1.1531419,,
15_-100,15,20,-100,-95,9,1.1835881,,
15_-95,15,20,-95,-90,6,1.1542351,,
15_-90,15,20,-90,-85,9,1.1810918,,
15_-85,15,20,-85,-80,6,1.1011368,,
15_-80,15,20,-80,-75,9,1.0783254,0.9139007115398264,0.16442468846017355
15_-75,15,20,-75,-70,6,1.0944092,,
15_-70,15,20,-70,-65,9,1.0687776,,
15_-65,15,20,-65,-60,6,1.0514936,0.8795422344447872,0.17195136555521273
15_-60,15,20,-60,-55,9,1.0375792,0.8728200012625817,0.16475919873741818
15_-55,15,20,-55,-50,6,1.0290313,0.8651892682216877,0.16384203177831225
15_-50,15,20,-50,-45,9,1.0220307,0.8580078093895357,0.16402289061046427
15_-45,15,20,-45,-40,6,1.0189862,0.8517209655980567,0.1672652344019434
15_-40,15,20,-40,-35,9,1.0217819,0.846838475826658,0.17494342417334185
15_-35,15,20,-35,-30,6,1.0291891,0.8441141653579868,0.1850749346420132
15_-30,15,20,-30,-25,9,1.0545105,0.8472866955866883,0.20722380441331156
15_-25,15,20,-25,-20,6,1.068995,0.8633531667388663,0.2056418332611336
15_-20,15,20,-20,-15,9,1.1468035,,
15_-15,15,20,-15,-10,6,1.4588294,,
15_-10,15,20,-10,-5,9,1.501413,,
15_-5,15,20,-5,0,6,1.4445052,,
15_0,15,20,0,5,9,1.428678,,
15_5,15,20,5,10,6,1.4933529,,
15_10,15,20,10,15,9,1.6908021,,
15_15,15,20,15,20,6,1.6389674,,
15_20,15,20,20,25,9,1.6448958,,
15_25,15,20,25,30,6,1.6674167,,
15_30,15,20,30,35,9,1.5357217,,
15_35,15,20,35,40,6,1.3389322,,
15_40,15,20,40,45,9,1.3108815,,
15_45,15,20,45,50,6,1.746131,,
15_50,15,20,50,55,9,1.4353358,,
15_55,15,20,55,60,6,1.1177443,,
15_60,15,20,60,65,9,1.0819695,1.067559117034961,0.014410382965039048
15_65,15,20,65,70,6,1.0703553,1.0220292338415609,0.04832606615843904
15_70,15,20,70,75,9,1.0364646,,
15_75,15,20,75,80,6,0.99730664,,
15_80,15,20,80,85,9,1.0263733,,
15_85,15,20,85,90,6,0.9636497,1.0937655219089721,-0.13011582190897208
15_90,15,20,90,95,9,1.0125508,,
15_95,15,20,95,100,6,1.1530775,,
15_100,15,20,100,105,9,1.1796037,,
15_105,15,20,105,110,6,1.0070976,,
15_110,15,20,110,115,9,0.95522046,,
15_115,15,20,115,120,6,0.9656346,1.1195816537879824,-0.15394705378798235
15_120,15,20,120,125,9,1.0181525,,
15_125,15,20,125,130,6,0.98632574,1.0745379218563424,-0.0882121818563425
15_130,15,20,130,135,9,0.9891171,1.0573350247044917,-0.06821792470449173
15_135,15,20,135,140,6,0.9920125,1.035583411205218,-0.043570911205218055
15_140,15,20,140,145,9,0.991133,1.0101071394185694,-0.018974139418569402
15_145,15,20,145,150,6,0.98940665,0.982830424492302,0.006576225507698097
15_150,15,20,150,155,9,0.994474,0.9568892688267685,0.03758473117323147
15_155,15,20,155,160,6,1.0032078,0.9339093255097773,0.06929847449022264
15_160,15,20,160,165,9,1.0133457,0.9153971399776655,0.09794856002233443
15_165,15,20,165,170,6,1.0247698,0.9012137088761778,0.12355609112382226
15_170,15,20,170,175,9,1.0350554,0.892189804056084,0.14286559594391612
15_175,15,20,175,180,6,1.0454968,0.8868859446641764,0.15861085533582364
20_-180,20,25,-180,-175,6,1.0419043,0.9116118649458307,0.1302924350541692
20_-175,20,25,-175,-170,4,1.0428494,0.9076588656137827,0.1351905343862172
20_-170,20,25,-170,-165,6,1.0463122,0.9031619063867825,0.14315029361321752
20_-165,20,25,-165,-160,4,1.0523217,0.8956059812069866,0.15671571879301338
20_-160,20,25,-160,-155,6,1.0739771,0.8711221126972176,0.2028549873027824
20_-155,20,25,-155,-150,4,1.0841893,0.8569602641488655,0.22722903585113452
20_-150,20,25,-150,-145,6,1.1064773,0.8286436606763377,0.27783363932366245
20_-145,20,25,-145,-140,4,1.130177,0.8062591883479344,0.32391781165206557
20_-140,20,25,-140,-135,6,1.1464025,0.7942843956688915,0.35211810433110846
20_-135,20,25,-135,-130,4,1.1554674,0.7958133411446116,0.3596540588553885
20_-130,20,25,-130,-125,6,1.1520824,0.8177899465640199,0.33429245343598013
20_-125,20,25,-125,-120,4,1.1299294,0.8571468954603538,0.27278250453964614
20_-120,20,25,-120,-115,6,1.0747304,0.912201083077587,0.16252931692241301
20_-115,20,25,-115,-110,4,0.9767721,0.9720161837542735,0.004755916245726577
20_-110,20,25,-110,-105,6,1.0624443,,
20_-105,20,25,-105,-100,4,1.3192116,,
20_-100,20,25,-100,-95,6,1.076768,,
20_-95,20,25,-95,-90,4,0.9519848,0.9841936849110304,-0.032208884911030466
20_-90,20,25,-90,-85,6,1.0405804,,
20_-85,20,25,-85,-80,4,1.0591769,0.9808202104822007,0.07835668951779928
20_-80,20,25,-80,-75,6,1.08667,,
20_-75,20,25,-75,-70,4,1.0790176,0.9430014337149487,0.1360161662850513
20_-70,20,25,-70,-65,6,1.0871158,0.9436786820629713,0.14343711793702874
20_-65,20,25,-65,-60,4,1.0885301,0.9406767165090544,0.14785338349094568
20_-60,20,25,-60,-55,6,1.0809704,0.9276606858086978,0.15330971419130224
20_-55,20,25,-55,-50,4,1.0673429,0.9117979407502288,0.1555449592497713
20_-50,20,25,-50,-45,6,1.0528297,0.8946307947580571,0.1581989052419429
20_-45,20,25,-45,-40,4,1.0425315,0.8769519008015625,0.16557959919843745
20_-40,20,25,-40,-35,6,1.035698,0.8576650126583912,0.17803298734160877
20_-35,20,25,-35,-30,4,1.0299374,0.8360816322123819,0.19385576778761804
20_-30,20,25,-30,-25,6,1.0292026,0.8154175842369822,0.2137850157630179
20_-25,20,25,-25,-20,4,1.0444336,0.8020945508776448,0.24233904912235527
20_-20,20,25,-20,-15,6,1.1416197,,
20_-15,20,25,-15,-10,4,1.6173679,,
20_-10,20,25,-10,-5,6,1.7730705,,
20_-5,20,25,-5,0,4,1.8355033,,
20_0,20,25,0,5,6,1.8681687,,
20_5,20,25,5,10,4,1.8333333,,
20_10,20,25,10,15,6,1.8347427,,
20_15,20,25,15,20,4,1.7530488,,
20_20,20,25,20,25,6,1.7733693,,
20_25,20,25,25,30,4,1.7549915,,
20_30,20,25,30,35,6,1.7388759,,
20_35,20,25,35,40,4,1.3564143,,
20_40,20,25,40,45,6,1.7786063,,
20_45,20,25,45,50,4,2.0098212,,
20_50,20,25,50,55,6,1.9111727,,
20_55,20,25,55,60,4,1.5470715,,
20_60,20,25,60,65,6,1.0575377,0.97134755515914,0.08619014484085996
20_65,20,25,65,70,4,1.1044639,0.9202575362607311,0.1842063637392689
20_70,20,25,70,75,6,1.1249763,,
20_75,20,25,75,80,4,1.2089515,,
20_80,20,25,80,85,6,1.3813982,,
20_85,20,25,85,90,4,1.2473135,,
20_90,20,25,90,95,6,1.1800917,,
20_95,20,25,95,100,4,1.2821147,,
20_100,20,25,100,105,6,1.1861142,,
20_105,20,25,105,110,4,1.0597248,,
20_110,20,25,110,115,6,1.0666822,,
20_115,20,25,115,120,4,1.0245149,,
20_120,20,25,120,125,6,1.004463,1.0365882160530464,-0.0321252160530463
20_125,20,25,125,130,4,1.0150887,1.0311018128245948,-0.016013112824594833
20_130,20,25,130,135,6,1.0176473,1.0262666247709888,-0.008619324770988923
20_135,20,25,135,140,4,1.020851,1.0191880289542918,0.001662971045708117
20_140,20,25,140,145,6,1.0176978,1.0090345465052082,0.008663253494791912
20_145,20,25,145,150,4,1.012884,0.9935859587127132,0.019298041287286738
20_150,20,25,150,155,6,1.0104399,0.9750299076559295,0.035409992344070496
20_155,20,25,155,160,4,1.0122292,0.9575229691494778,0.054706230850522175
20_160,20,25,160,165,6,1.0179411,0.9424258677471691,0.07551523225283097
20_165,20,25,165,170,4,1.0290982,0.9303035213108606,0.09879467868913938
20_170,20,25,170,175,6,1.0365897,0.9219392680790015,0.11465043192099844
20_175,20,25,175,180,4,1.0407946,0.9159334802920311,0.12486111970796876
25_-180,25,30,-180,-175,9,1.0458905,0.9961988529018346,0.049691647098165426
25_-175,25,30,-175,-170,6,1.026372,0.9865359923376039,0.039836007662396145
25_-170,25,30,-170,-165,9,1.005478,0.9740729245885338,0.03140507541146631
25_-165,25,30,-165,-160,6,0.98441714,0.956740323838678,0.027676816161322004
25_-160,25,30,-160,-155,9,0.9735425,0.934208766675112,0.03933373332488799
25_-155,25,30,-155,-150,6,0.9849306,0.9144276151748324,0.07050298482516759
25_-150,25,30,-150,-145,9,1.0167707,0.8901291428548672,0.1266415571451327
25_-145,25,30,-145,-140,6,1.057036,0.8639248716538135,0.1931111283461866
25_-140,25,30,-140,-135,9,1.091042,0.8424352551590228,0.24860674484097722
25_-135,25,30,-135,-130,6,1.1098336,0.8264918333018391,0.2833417666981609
25_-130,25,30,-130,-125,9,1.1146427,0.8205075016535286,0.2941351983464715
25_-125,25,30,-125,-120,6,1.1007127,0.8283674062316171,0.272345293768383
25_-120,25,30,-120,-115,9,1.0676605,0.8491874577879446,0.21847304221205532
25_-115,25,30,-115,-110,6,1.2020329,,
25_-110,25,30,-110,-105,9,1.3457904,,
25_-105,25,30,-105,-100,6,1.2759875,,
25_-100,25,30,-100,-95,9,1.0625739,,
25_-95,25,30,-95,-90,6,0.97985476,1.0131185735126338,-0.033263813512633744
25_-90,25,30,-90,-85,9,1.023838,1.0249938805818486,-0.0011558805818485673
25_-85,25,30,-85,-80,6,1.1566342,,
25_-80,25,30,-80,-75,9,1.0799748,1.0305731833140273,0.04940161668597276
25_-75,25,30,-75,-70,6,1.0932002,1.0410514461560825,0.052148753843917595
25_-70,25,30,-70,-65,9,1.1274691,1.0426758889699244,0.08479321103007553
25_-65,25,30,-65,-60,6,1.1394507,1.0401596869280878,0.09929101307191224
25_-60,25,30,-60,-55,9,1.1341807,1.0307012545557448,0.10347944544425514
25_-55,25,30,-55,-50,6,1.1261516,1.0154739210699575,0.11067767893004254
25_-50,25,30,-50,-45,9,1.1136642,0.9958395617888027,0.11782463821119737
25_-45,25,30,-45,-40,6,1.0962175,0.9730658125789736,0.12315168742102645
25_-40,25,30,-40,-35,9,1.0763539,0.9461199334844911,0.1302339665155089
25_-35,25,30,-35,-30,6,1.058473,0.9155873244601065,0.1428856755398935
25_-30,25,30,-30,-25,9,1.0379049,0.8808005392292805,0.15710436077071954
25_-25,25,30,-25,-20,6,1.0217589,0.8463137294123598,0.1754451705876402
25_-20,25,30,-20,-15,9,1.0167432,0.8186861322811989,0.19805706771880116
25_-15,25,30,-15,-10,6,1.2336186,,
25_-10,25,30,-10,-5,9,1.7091635,,
25_-5,25,30,-5,0,6,1.859275,,
25_0,25,30,0,5,9,1.8619905,,
25_5,25,30,5,10,6,1.809969,,
25_10,25,30,10,15,9,1.7331783,,
25_15,25,30,15,20,6,1.6136494,,
25_20,25,30,20,25,9,1.6248935,,
25_25,25,30,25,30,6,1.6197637,,
25_30,25,30,30,35,9,1.6260934,,
25_35,25,30,35,40,6,1.6515435,,
25_40,25,30,40,45,9,1.9451874,,
25_45,25,30,45,50,6,1.9257637,,
25_50,25,30,50,55,9,1.6538382,,
25_55,25,30,55,60,6,1.6234164,,
25_60,25,30,60,65,9,1.5914493,,
25_65,25,30,65,70,6,1.5860496,,
25_70,25,30,70,75,9,1.5524982,,
25_75,25,30,75,80,6,1.4196042,,
25_80,25,30,80,85,9,1.3718834,,
25_85,25,30,85,90,6,1.4609913,,
25_90,25,30,90,95,9,1.3433573,,
25_95,25,30,95,100,6,1.3204998,,
25_100,25,30,100,105,9,1.2142333,,
25_105,25,30,105,110,6,1.0555676,,
25_110,25,30,110,115,9,1.0703182,,
25_115,25,30,115,120,6,1.1121142,,
25_120,25,30,120,125,9,1.0919632,,
25_125,25,30,125,130,6,1.0819577,0.9938270701284597,0.0881306298715403
25_130,25,30,130,135,9,1.0759976,1.0150992483976515,0.060898351602348466
25_135,25,30,135,140,6,1.0735414,1.0363337643466946,0.03720763565330554
25_140,25,30,140,145,9,1.0620242,1.048902876641868,0.013121323358131987
25_145,25,30,145,150,6,1.0467452,1.0476640157201156,-0.000918815720115651
25_150,25,30,150,155,9,1.0391263,1.039932217327359,-0.0008059173273591291
25_155,25,30,155,160,6,1.0351906,1.0324417843634381,0.002748815636561819
25_160,25,30,160,165,9,1.0394025,1.02479343524836,0.014609064751639922
25_165,25,30,165,170,6,1.0492834,1.0182201898583887,0.031063210141611286
25_170,25,30,170,175,9,1.0576714,1.0121679495371052,0.045503450462894834
25_175,25,30,175,180,6,1.056239,1.0048737512250745,0.05136524877492543
30_-180,30,35,-180,-175,6,1.0451511,1.0052478108253844,0.03990328917461561
30_-175,30,35,-175,-170,4,1.0276214,1.0153458704611518,0.01227552953884814
30_-170,30,35,-170,-165,6,0.99327064,1.0199981373703049,-0.026727497370304887
30_-165,30,35,-165,-160,4,0.94854426,1.0187699940716441,-0.07022573407164412
30_-160,30,35,-160,-155,6,0.90707564,1.0097240112513919,-0.10264837125139192
30_-155,30,35,-155,-150,4,0.89717215,0.9960940359145184,-0.09892188591451845
30_-150,30,35,-150,-145,6,0.92424655,0.9830407711350301,-0.05879422113503008
30_-145,30,35,-145,-140,4,0.9746606,0.9680755460120564,0.006585053987943623
30_-140,30,35,-140,-135,6,1.0302995,0.940317144955296,0.08998235504470398
30_-135,30,35,-135,-130,4,1.073278,0.8930037725400107,0.18027422745998922
30_-130,30,35,-130,-125,6,1.0903962,0.8389377130278046,0.2514584869721954
30_-125,30,35,-125,-120,4,1.0794003,0.8025926378153333,0.2768076621846668
30_-120,30,35,-120,-115,6,1.1930875,,
30_-115,30,35,-115,-110,4,1.6032164,,
30_-110,30,35,-110,-105,6,1.5865427,,
30_-105,30,35,-105,-100,4,1.4560176,,
30_-100,30,35,-100,-95,6,1.1456032,,
30_-95,30,35,-95,-90,4,1.1871283,,
30_-90,30,35,-90,-85,6,1.2170202,,
30_-85,30,35,-85,-80,4,1.3160187,,
30_-80,30,35,-80,-75,6,1.2078345,,
30_-75,30,35,-75,-70,4,1.1078672,0.99168176595561,0.11618543404439008
30_-70,30,35,-70,-65,6,1.1276406,0.9930328568016492,0.1346077431983509
30_-65,30,35,-65,-60,4,1.1506815,0.9981571442069223,0.15252435579307766
30_-60,30,35,-60,-55,6,1.1487254,1.0076969621870544,0.1410284378129456
30_-55,30,35,-55,-50,4,1.1327082,1.0173205939545908,0.1153876060454091
30_-50,30,35,-50,-45,6,1.1111627,1.0272967966448001,0.08386590335519983
30_-45,30,35,-45,-40,4,1.0972149,1.0367607064148032,0.06045419358519677
30_-40,30,35,-40,-35,6,1.07509,1.0394420934905992,0.03564790650940086
30_-35,30,35,-35,-30,4,1.059367,1.0348607588067211,0.02450624119327882
30_-30,30,35,-30,-25,6,1.0413524,1.0008630774912934,0.04048932250870663
30_-25,30,35,-25,-20,4,1.0232861,0.951634347570801,0.07165175242919897
30_-20,30,35,-20,-15,6,1.0174154,0.9044649894244297,0.11295041057557031
30_-15,30,35,-15,-10,4,0.9972218,0.8602894824378272,0.13693231756217283
30_-10,30,35,-10,-5,6,1.4836572,,
30_-5,30,35,-5,0,4,1.7897666,,
30_0,30,35,0,5,6,1.7557316,,
30_5,30,35,5,10,4,1.6996753,,
30_10,30,35,10,15,6,1.5001497,,
30_15,30,35,15,20,4,1.2486433,,
30_20,30,35,20,25,6,1.3317293,,
30_25,30,35,25,30,4,1.2441536,,
30_30,30,35,30,35,6,1.2512411,,
30_35,30,35,35,40,4,1.6591135,,
30_40,30,35,40,45,6,1.8632725,,
30_45,30,35,45,50,4,1.9006896,,
30_50,30,35,50,55,6,1.8070275,,
30_55,30,35,55,60,4,1.8416214,,
30_60,30,35,60,65,6,1.9216272,,
30_65,30,35,65,70,4,1.9368057,,
30_70,30,35,70,75,6,1.7014595,,
30_75,30,35,75,80,4,1.6295569,,
30_80,30,35,80,85,6,1.9159808,,
30_85,30,35,85,90,4,1.7303479,,
30_90,30,35,90,95,6,1.6943059,,
30_95,30,35,95,100,4,1.683804,,
30_100,30,35,100,105,6,1.4495872,,
30_105,30,35,105,110,4,1.335645,,
30_110,30,35,110,115,6,1.379728,,
30_115,30,35,115,120,4,1.2702923,,
30_120,30,35,120,125,6,1.1981459,,
30_125,30,35,125,130,4,1.2110441,0.9273569856456825,0.2836871143543176
30_130,30,35,130,135,6,1.2341362,,
30_135,30,35,135,140,4,1.17508,0.9657798927819826,0.20930010721801728
30_140,30,35,140,145,6,1.117246,0.9920061418936543,0.12523985810634564
30_145,30,35,145,150,4,1.0741613,0.9884345502428263,0.08572674975717376
30_150,30,35,150,155,6,1.0414295,0.9794042870593125,0.062025212940687524
30_155,30,35,155,160,4,1.0304214,0.976671486738779,0.05374991326122103
30_160,30,35,160,165,6,1.0275294,0.9772443016259958,0.05028509837400408
30_165,30,35,165,170,4,1.036301,0.9796638718885647,0.056637128111435175
30_170,30,35,170,175,6,1.0493084,0.9864721349330883,0.06283626506691165
30_175,30,35,175,180,4,1.0513133,0.9948184430321236,0.05649485696787626
35_-180,35,40,-180,-175,9,1.0628918,0.8753212933310854,0.18757050666891462
35_-175,35,40,-175,-170,6,1.0361391,0.8880276598715403,0.14811144012845967
35_-170,35,40,-170,-165,9,1.0004181,0.9015090580341887,0.0989090419658114
35_-165,35,40,-165,-160,6,0.9529559,0.9157121311597696,0.037243768840230396
35_-160,35,40,-160,-155,9,0.9072077,0.9290356909040174,-0.021827990904017436
35_-155,35,40,-155,-150,6,0.87822366,0.939252139231424,-0.06102847923142407
35_-150,35,40,-150,-145,9,0.8910953,0.9492553801063817,-0.05816008010638163
35_-145,35,40,-145,-140,6,0.93604225,0.961586438482213,-0.02554418848221307
35_-140,35,40,-140,-135,9,1.0113779,0.9571267605269005,0.05425113947309956
35_-135,35,40,-135,-130,6,1.0885172,0.9083971087354328,0.1801200912645673
35_-130,35,40,-130,-125,9,1.1123327,0.8340551282462103,0.27827757175378975
35_-125,35,40,-125,-120,6,1.0875634,,
35_-120,35,40,-120,-115,9,1.441826,,
35_-115,35,40,-115,-110,6,1.5903288,,
35_-110,35,40,-110,-105,9,1.6884643,,
35_-105,35,40,-105,-100,6,1.5656742,,
35_-100,35,40,-100,-95,9,1.320936,,
35_-95,35,40,-95,-90,6,1.2725192,,
35_-90,35,40,-90,-85,9,1.2987075,,
35_-85,35,40,-85,-80,6,1.5216118,,
35_-80,35,40,-80,-75,9,1.5547607,,
35_-75,35,40,-75,-70,6,1.4695185,0.8863161433334763,0.5832023566665236
35_-70,35,40,-70,-65,9,1.2473505,0.9020943343855116,0.34525616561448846
35_-65,35,40,-65,-60,6,1.1257278,0.8999474096746962,0.22578039032530373
35_-60,35,40,-60,-55,9,1.1088624,0.8985816245832128,0.21028077541678725
35_-55,35,40,-55,-50,6,1.0754436,0.9066130503150185,0.16883054968498157
35_-50,35,40,-50,-45,9,1.0164247,0.9163805975145327,0.10004410248546725
35_-45,35,40,-45,-40,6,0.98860955,0.9277279293026445,0.060881620697355476
35_-40,35,40,-40,-35,9,0.998797,0.943883250795592,0.05491374920440806
35_-35,35,40,-35,-30,6,1.0129517,0.9623808371415902,0.050570862858409726
35_-30,35,40,-30,-25,9,1.0268884,0.9758475193094654,0.051040880690534585
35_-25,35,40,-25,-20,6,1.0202603,0.9739295394151066,0.04633076058489327
35_-20,35,40,-20,-15,9,1.0025522,0.9445355347761112,0.05801666522388882
35_-15,35,40,-15,-10,6,0.9982864,0.9029885144503332,0.09529788554966678
35_-10,35,40,-10,-5,9,1.2019098,,
35_-5,35,40,-5,0,6,1.4967232,,
35_0,35,40,0,5,9,1.4011712,,
35_5,35,40,5,10,6,1.4435233,,
35_10,35,40,10,15,9,1.2919438,,
35_15,35,40,15,20,6,1.2705094,0.886026330051365,0.3844830699486349
35_20,35,40,20,25,9,1.2973922,,
35_25,35,40,25,30,6,1.3096793,,
35_30,35,40,30,35,9,1.4746463,,
35_35,35,40,35,40,6,1.6271421,,
35_40,35,40,40,45,9,1.8751159,,
35_45,35,40,45,50,6,1.7708697,,
35_50,35,40,50,55,9,1.5309272,,
35_55,35,40,55,60,6,1.6750021,,
35_60,35,40,60,65,9,1.7289301,,
35_65,35,40,65,70,6,1.7862757,,
35_70,35,40,70,75,9,1.8508502,,
35_75,35,40,75,80,6,1.7667856,,
35_80,35,40,80,85,9,1.7483847,,
35_85,35,40,85,90,6,1.6939745,,
35_90,35,40,90,95,9,1.6101954,,
35_95,35,40,95,100,6,1.6506568,,
35_100,35,40,100,105,9,1.6638639,,
35_105,35,40,105,110,6,1.5891213,,
35_110,35,40,110,115,9,1.4507877,,
35_115,35,40,115,120,6,1.299683,,
35_120,35,40,120,125,9,1.2727245,,
35_125,35,40,125,130,6,1.4208012,,
35_130,35,40,130,135,9,1.3853892,,
35_135,35,40,135,140,6,1.3629503,,
35_140,35,40,140,145,9,1.3010048,,
35_145,35,40,145,150,6,1.2255095,0.8536557591631683,0.37185374083683176
35_150,35,40,150,155,9,1.1854339,0.8610712290431329,0.3243626709568671
35_155,35,40,155,160,6,1.1484791,0.8592773612197974,0.2892017387802027
35_160,35,40,160,165,9,1.1263185,0.8567633018904294,0.2695551981095706
35_165,35,40,165,170,6,1.1080065,0.8562150088971497,0.25179149110285015
35_170,35,40,170,175,9,1.0979296,0.859790785349069,0.238138814650931
35_175,35,40,175,180,6,1.0817522,0.8649385755307396,0.21681362446926034
40_-180,40,45,-180,-175,6,1.0705668,0.8065166938963507,0.2640501061036492
40_-175,40,45,-175,-170,4,1.0482783,0.8138859150845486,0.23439238491545145
40_-170,40,45,-170,-165,6,1.0232347,0.8225877372618742,0.20064696273812577
40_-165,40,45,-165,-160,4,0.99140036,0.8324761471755255,0.15892421282447444
40_-160,40,45,-160,-155,6,0.9559316,0.8427669072239109,0.11316469277608909
40_-155,40,45,-155,-150,4,0.9329984,0.8536191363573004,0.07937926364269965
40_-150,40,45,-150,-145,6,0.94231033,0.8631612429156771,0.07914908708432289
40_-145,40,45,-145,-140,4,0.98771214,0.8723593489410604,0.11535279105893959
40_-140,40,45,-140,-135,6,1.0707473,0.8813925821410169,0.18935471785898317
40_-135,40,45,-135,-130,4,1.1454548,0.8792284340394444,0.2662263659605556
40_-130,40,45,-130,-125,6,1.1584531,0.8628008956939947,0.29565220430600536
40_-125,40,45,-125,-120,4,1.4385109,,
40_-120,40,45,-120,-115,6,1.7271482,,
40_-115,40,45,-115,-110,4,1.8079512,,
40_-110,40,45,-110,-105,6,1.8209268,,
40_-105,40,45,-105,-100,4,1.6628551,,
40_-100,40,45,-100,-95,6,1.5751165,,
40_-95,40,45,-95,-90,4,1.5144062,,
40_-90,40,45,-90,-85,6,1.5804105,,
40_-85,40,45,-85,-80,4,1.636465,,
40_-80,40,45,-80,-75,6,1.766615,,
40_-75,40,45,-75,-70,4,1.9166313,,
40_-70,40,45,-70,-65,6,1.8344587,0.8379210106397704,0.9965376893602297
40_-65,40,45,-65,-60,4,1.4736669,0.845844405654702,0.627822494345298
40_-60,40,45,-60,-55,6,1.3412722,0.8658221691172008,0.47545003088279914
40_-55,40,45,-55,-50,4,1.2356168,0.8789594911401127,0.35665730885988733
40_-50,40,45,-50,-45,6,0.87177706,0.8704392663367067,0.0013377936632933407
40_-45,40,45,-45,-40,4,0.694949,0.8474324294015546,-0.15248342940155457
40_-40,40,45,-40,-35,6,0.7370917,0.8465097615634288,-0.10941806156342881
40_-35,40,45,-35,-30,4,0.80577064,0.8570481889378081,-0.051277548937808115
40_-30,40,45,-30,-25,6,0.90659446,0.8760243076106015,0.03057015238939853
40_-25,40,45,-25,-20,4,0.959726,0.8925375293465082,0.06718847065349176
40_-20,40,45,-20,-15,6,0.9879286,0.906482970036794,0.08144562996320603
40_-15,40,45,-15,-10,4,0.9763381,0.909056503376704,0.06728159662329602
40_-10,40,45,-10,-5,6,1.1746365,,
40_-5,40,45,-5,0,4,1.4573381,,
40_0,40,45,0,5,6,1.4259616,,
40_5,40,45,5,10,4,1.3489,0.8614659399653779,0.4874340600346221
40_10,40,45,10,15,6,1.440993,,
40_15,40,45,15,20,4,1.4804187,,
40_20,40,45,20,25,6,1.5693432,,
40_25,40,45,25,30,4,1.4874593,,
40_30,40,45,30,35,6,1.3873974,,
40_35,40,45,35,40,4,1.349486,,
40_40,40,45,40,45,6,1.5335966,,
40_45,40,45,45,50,4,1.5571029,,
40_50,40,45,50,55,6,1.5201569,,
40_55,40,45,55,60,4,1.7850424,,
40_60,40,45,60,65,6,1.7842914,,
40_65,40,45,65,70,4,1.6433562,,
40_70,40,45,70,75,6,1.6764759,,
40_75,40,45,75,80,4,1.8032697,,
40_80,40,45,80,85,6,1.7705301,,
40_85,40,45,85,90,4,1.7837085,,
40_90,40,45,90,95,6,1.7725506,,
40_95,40,45,95,100,4,1.7622048,,
40_100,40,45,100,105,6,1.7848039,,
40_105,40,45,105,110,4,1.7449526,,
40_110,40,45,110,115,6,1.6351318,,
40_115,40,45,115,120,4,1.5829879,,
40_120,40,45,120,125,6,1.4910494,,
40_125,40,45,125,130,4,1.5882794,,
40_130,40,45,130,135,6,1.5184604,,
40_135,40,45,135,140,4,1.344532,0.7645132150658366,0.5800187849341635
40_140,40,45,140,145,6,1.3728037,,
40_145,40,45,145,150,4,1.3554622,0.7879070036977337,0.5675551963022664
40_150,40,45,150,155,6,1.3323121,0.7906862598862897,0.5416258401137103
40_155,40,45,155,160,4,1.2618465,0.7916902086777791,0.47015629132222103
40_160,40,45,160,165,6,1.201598,0.792537352358966,0.4090606476410339
40_165,40,45,165,170,4,1.1640692,0.7929918131975394,0.3710773868024605
40_170,40,45,170,175,6,1.1363095,0.7964766823450427,0.33983281765495743
40_175,40,45,175,180,4,1.0929872,0.7986834692584598,0.29430373074154026
45_-180,45,50,-180,-175,9,1.0815302,0.8029898200775772,0.27854037992242275
45_-175,45,50,-175,-170,6,1.1002983,0.8058468148335745,0.2944514851664255
45_-170,45,50,-170,-165,9,1.103929,0.805305199058091,0.298623800941909
45_-165,45,50,-165,-160,6,1.100347,0.8040264625503893,0.2963205374496106
45_-160,45,50,-160,-155,9,1.0874882,0.8036847749984898,0.2838034250015101
45_-155,45,50,-155,-150,6,1.0764899,0.8051056663699739,0.2713842336300262
45_-150,45,50,-150,-145,9,1.0782042,0.8093641662320633,0.26884003376793675
45_-145,45,50,-145,-140,6,1.1056013,0.8167008543052889,0.28890044569471107
45_-140,45,50,-140,-135,9,1.1628416,0.828264299518831,0.33457730048116896
45_-135,45,50,-135,-130,6,1.222184,0.8395809591383506,0.3826030408616493
45_-130,45,50,-130,-125,9,1.2469891,0.8573294010467861,0.38965969895321384
45_-125,45,50,-125,-120,6,1.4781423,1.5756476666954757,-0.09750536669547571
45_-120,45,50,-120,-115,9,1.744185,,
45_-115,45,50,-115,-110,6,1.8141212,,
45_-110,45,50,-110,-105,9,1.7852143,,
45_-105,45,50,-105,-100,6,1.7745103,,
45_-100,45,50,-100,-95,9,1.759934,,
45_-95,45,50,-95,-90,6,1.8347849,,
45_-90,45,50,-90,-85,9,1.934785,,
45_-85,45,50,-85,-80,6,2.056043,,
45_-80,45,50,-80,-75,9,2.1426916,,
45_-75,45,50,-75,-70,6,2.1687102,,
45_-70,45,50,-70,-65,9,2.1449938,,
45_-65,45,50,-65,-60,6,1.9729933,,
45_-60,45,50,-60,-55,9,1.7322106,,
45_-55,45,50,-55,-50,6,1.4864789,,
45_-50,45,50,-50,-45,9,1.0286876,0.8156672096394262,0.21302039036057385
45_-45,45,50,-45,-40,6,0.6067443,0.7918901257279405,-0.18514582572794047
45_-40,45,50,-40,-35,9,0.46253613,0.7925594910585376,-0.33002336105853763
45_-35,45,50,-35,-30,6,0.453668,0.7978997327738322,-0.3442317327738322
45_-30,45,50,-30,-25,9,0.57663924,0.8041855673977454,-0.22754632739774538
45_-25,45,50,-25,-20,6,0.7013497,0.8196816788155433,-0.11833197881554336
45_-20,45,50,-20,-15,9,0.84076095,0.839773153438191,0.000987796561808918
45_-15,45,50,-15,-10,6,0.95214343,0.8620114793978514,0.09013195060214862
45_-10,45,50,-10,-5,9,0.98533845,0.8833817955627311,0.10195665443726887
45_-5,45,50,-5,0,6,1.1848378,,
45_0,45,50,0,5,9,1.4467666,,
45_5,45,50,5,10,6,1.5625893,,
45_10,45,50,10,15,9,1.5742378,1.6070034594983298,-0.03276565949832988
45_15,45,50,15,20,6,1.6407522,,
45_20,45,50,20,25,9,1.6096444,,
45_25,45,50,25,30,6,1.5991377,,
45_30,45,50,30,35,9,1.6269369,,
45_35,45,50,35,40,6,1.6533829,,
45_40,45,50,40,45,9,1.692966,,
45_45,45,50,45,50,6,1.6987518,,
45_50,45,50,50,55,9,1.7818991,,
45_55,45,50,55,60,6,1.91142,,
45_60,45,50,60,65,9,1.9694906,,
45_65,45,50,65,70,6,1.9129614,,
45_70,45,50,70,75,9,1.8293014,,
45_75,45,50,75,80,6,1.7767196,,
45_80,45,50,80,85,9,1.7471646,,
45_85,45,50,85,90,6,1.786853,,
45_90,45,50,90,95,9,1.7872194,,
45_95,45,50,95,100,6,1.8157114,,
45_100,45,50,100,105,9,1.7907099,,
45_105,45,50,105,110,6,1.7421383,,
45_110,45,50,110,115,9,1.7483897,,
45_115,45,50,115,120,6,1.8129191,,
45_120,45,50,120,125,9,1.7185512,,
45_125,45,50,125,130,6,1.6896658,,
45_130,45,50,130,135,9,1.7517858,,
45_135,45,50,135,140,6,1.6873633,,
45_140,45,50,140,145,9,1.5847833,,
45_145,45,50,145,150,6,1.5047789,0.9066937457254227,0.5980851542745773
45_150,45,50,150,155,9,1.3266807,0.7884170809941683,0.5382636190058318
45_155,45,50,155,160,6,1.2486671,0.7868406835372892,0.46182641646271083
45_160,45,50,160,165,9,1.1878643,0.7888877668964883,0.39897653310351167
45_165,45,50,165,170,6,1.142146,0.7974510368275994,0.34469496317240067
45_170,45,50,170,175,9,1.1210339,0.7985966969483845,0.3224372030516155
45_175,45,50,175,180,6,1.0810205,0.7996065263395038,0.28141397366049614
50_-180,50,55,-180,-175,6,1.2342062,0.8448378662171633,0.38936833378283675
50_-175,50,55,-175,-170,4,1.2605922,0.8411945683456011,0.4193976316543989
50_-170,50,55,-170,-165,6,1.2937962,0.8331151545814286,0.46068104541857147
50_-165,50,55,-165,-160,4,1.3061616,0.8257838739969612,0.48037772600303885
50_-160,50,55,-160,-155,6,1.3038558,0.8184886130333455,0.4853671869666545
50_-155,50,55,-155,-150,4,1.2848994,0.8084972028380415,0.47640219716195853
50_-150,50,55,-150,-145,6,1.2557613,0.8016345326993093,0.4541267673006908
50_-145,50,55,-145,-140,4,1.2490655,0.8033214006043656,0.4457440993956343
50_-140,50,55,-140,-135,6,1.2737778,0.8132411661725963,0.4605366338274036
50_-135,50,55,-135,-130,4,1.3148102,0.8401470214894083,0.4746631785105916
50_-130,50,55,-130,-125,6,1.5191938,,
50_-125,50,55,-125,-120,4,1.7417706,,
50_-120,50,55,-120,-115,6,1.8013333,,
50_-115,50,55,-115,-110,4,1.7472713,,
50_-110,50,55,-110,-105,6,1.9037718,,
50_-105,50,55,-105,-100,4,1.9556661,,
50_-100,50,55,-100,-95,6,2.13647,,
50_-95,50,55,-95,-90,4,2.2154596,,
50_-90,50,55,-90,-85,6,2.3246388,,
50_-85,50,55,-85,-80,4,2.4967127,,
50_-80,50,55,-80,-75,6,2.5714538,,
50_-75,50,55,-75,-70,4,2.4459057,,
50_-70,50,55,-70,-65,6,2.3991153,,
50_-65,50,55,-65,-60,4,2.2871583,,
50_-60,50,55,-60,-55,6,2.0217702,,
50_-55,50,55,-55,-50,4,1.3544579,0.8514717064714507,0.5029861935285495
50_-50,50,55,-50,-45,6,0.95644635,0.781147570016557,0.175298779983443
50_-45,50,55,-45,-40,4,0.6794876,0.7742254813702392,-0.0947378813702392
50_-40,50,55,-40,-35,6,0.5279607,0.7814947178322229,-0.25353401783222296
50_-35,50,55,-35,-30,4,0.38735825,0.7808897319242831,-0.3935314819242831
50_-30,50,55,-30,-25,6,0.34566334,0.7826297388567711,-0.43696639885677113
50_-25,50,55,-25,-20,4,0.43609247,0.7910679025352204,-0.3549754325352204
50_-20,50,55,-20,-15,6,0.6284211,0.797601534975007,-0.169180434975007
50_-15,50,55,-15,-10,4,0.87949836,0.8138573448380375,0.06564101516196252
50_-10,50,55,-10,-5,6,1.0622283,,
50_-5,50,55,-5,0,4,1.2278137,,
50_0,50,55,0,5,6,1.3474396,,
50_5,50,55,5,10,4,1.4710529,1.4666589986117717,0.004393901388228372
50_10,50,55,10,15,6,1.5300856,,
50_15,50,55,15,20,4,1.6016872,,
50_20,50,55,20,25,6,1.6581177,,
50_25,50,55,25,30,4,1.6965346,,
50_30,50,55,30,35,6,1.7406453,,
50_35,50,55,35,40,4,1.7635168,,
50_40,50,55,40,45,6,1.8286775,,
50_45,50,55,45,50,4,1.9482279,,
50_50,50,55,50,55,6,1.9795556,,
50_55,50,55,55,60,4,1.889343,,
50_60,50,55,60,65,6,1.9324001,,
50_65,50,55,65,70,4,1.9130104,,
50_70,50,55,70,75,6,1.8111815,,
50_75,50,55,75,80,4,1.8882338,,
50_80,50,55,80,85,6,1.8122683,,
50_85,50,55,85,90,4,1.752052,,
50_90,50,55,90,95,6,1.7540718,,
50_95,50,55,95,100,4,1.8491312,,
50_100,50,55,100,105,6,1.8556412,,
50_105,50,55,105,110,4,1.860155,,
50_110,50,55,110,115,6,1.9417368,,
50_115,50,55,115,120,4,1.9577644,,
50_120,50,55,120,125,6,1.9726952,,
50_125,50,55,125,130,4,1.951264,,
50_130,50,55,130,135,6,1.9191265,,
50_135,50,55,135,140,4,1.9922333,,
50_140,50,55,140,145,6,1.9515734,,
50_145,50,55,145,150,4,1.6319759,0.8810894190509031,0.7508864809490969
50_150,50,55,150,155,6,1.4153444,0.7876681695297035,0.6276762304702964
50_155,50,55,155,160,4,1.4375979,,
50_160,50,55,160,165,6,1.2737917,0.8122683273674798,0.4615233726325203
50_165,50,55,165,170,4,1.2067423,0.8241945743674957,0.3825477256325043
50_170,50,55,170,175,6,1.2012373,0.8328771202587373,0.3683601797412628
50_175,50,55,175,180,4,1.2102395,0.8411985301790988,0.36904096982090107
55_-180,55,60,-180,-175,9,1.5634727,0.8264135633380609,0.737059136661939
55_-175,55,60,-175,-170,6,1.7224798,0.9792764126312548,0.7432033873687451
55_-170,55,60,-170,-165,9,1.8086374,1.1737504521133904,0.6348869478866097
55_-165,55,60,-165,-160,6,1.8507901,,
55_-160,55,60,-160,-155,9,1.8517982,,
55_-155,55,60,-155,-150,6,1.6791803,,
55_-150,55,60,-150,-145,9,1.4722167,0.8431902243751541,0.6290264756248458
55_-145,55,60,-145,-140,6,1.3936261,0.8071847769527537,0.5864413230472464
55_-140,55,60,-140,-135,9,1.4189919,,
55_-135,55,60,-135,-130,6,1.6298534,,
55_-130,55,60,-130,-125,9,1.886058,,
55_-125,55,60,-125,-120,6,2.001296,,
55_-120,55,60,-120,-115,9,2.0287278,,
55_-115,55,60,-115,-110,6,2.1140273,,
55_-110,55,60,-110,-105,9,2.2345026,,
55_-105,55,60,-105,-100,6,2.3713229,,
55_-100,55,60,-100,-95,9,2.527057,,
55_-95,55,60,-95,-90,6,2.5621252,,
55_-90,55,60,-90,-85,9,2.7482681,,
55_-85,55,60,-85,-80,6,2.956815,,
55_-80,55,60,-80,-75,9,2.9311037,,
55_-75,55,60,-75,-70,6,2.6913793,,
55_-70,55,60,-70,-65,9,2.5355396,,
55_-65,55,60,-65,-60,6,2.3300722,,
55_-60,55,60,-60,-55,9,1.6579105,,
55_-55,55,60,-55,-50,6,1.1612403,0.7652998957073436,0.3959404042926564
55_-50,55,60,-50,-45,9,0.9990266,0.7761076762657091,0.2229189237342909
55_-45,55,60,-45,-40,6,0.90365434,0.7895887917001269,0.11406554829987314
55_-40,55,60,-40,-35,9,0.6975734,0.787899699006816,-0.09032629900681599
55_-35,55,60,-35,-30,6,0.6446745,0.7881358862653232,-0.14346138626532312
55_-30,55,60,-30,-25,9,0.6341495,0.7894750343926702,-0.15532553439267016
55_-25,55,60,-25,-20,6,0.68559533,0.7888430619148216,-0.10324773191482162
55_-20,55,60,-20,-15,9,0.81126636,0.8026368637957126,0.008629496204287324
55_-15,55,60,-15,-10,6,0.8935892,0.8143403632258129,0.07924883677418704
55_-10,55,60,-10,-5,9,1.0777597,,
55_-5,55,60,-5,0,6,1.2595648,,
55_0,55,60,0,5,9,1.3661393,0.8621079627259203,0.5040313372740797
55_5,55,60,5,10,6,1.561161,,
55_10,55,60,10,15,9,1.7126999,,
55_15,55,60,15,20,6,1.8010732,,
55_20,55,60,20,25,9,1.8902367,,
55_25,55,60,25,30,6,1.9635934,,
55_30,55,60,30,35,9,2.0046716,,
55_35,55,60,35,40,6,2.0275962,,
55_40,55,60,40,45,9,2.0585787,,
55_45,55,60,45,50,6,2.0852299,,
55_50,55,60,50,55,9,2.0952878,,
55_55,55,60,55,60,6,2.0459063,,
55_60,55,60,60,65,9,2.0671127,,
55_65,55,60,65,70,6,2.0897655,,
55_70,55,60,70,75,9,2.0723429,,
55_75,55,60,75,80,6,2.0719666,,
55_80,55,60,80,85,9,2.0752084,,
55_85,55,60,85,90,6,2.0467427,,
55_90,55,60,90,95,9,2.0522745,,
55_95,55,60,95,100,6,2.0717764,,
55_100,55,60,100,105,9,2.0959692,,
55_105,55,60,105,110,6,2.1160164,,
55_110,55,60,110,115,9,2.1812885,,
55_115,55,60,115,120,6,2.256141,,
55_120,55,60,120,125,9,2.250218,,
55_125,55,60,125,130,6,2.238428,,
55_130,55,60,130,135,9,2.2171307,,
55_135,55,60,135,140,6,2.2029257,,
55_140,55,60,140,145,9,2.1901808,,
55_145,55,60,145,150,6,1.8971773,1.1481098100034526,0.7490674899965475
55_150,55,60,150,155,9,1.7296388,,
55_155,55,60,155,160,6,1.7206331,,
55_160,55,60,160,165,9,1.6776264,,
55_165,55,60,165,170,6,1.432168,0.7591648872684962,0.6730031127315039
55_170,55,60,170,175,9,1.421566,0.7562550816168742,0.665310918383126
55_175,55,60,175,180,6,1.4463197,0.7655846310328119,0.6807350689671882
60_-180,60,65,-180,-175,6,2.3978214,1.5951935989109867,0.8026278010890135
60_-175,60,65,-175,-170,4,2.3287964,1.6948450155372345,0.6339513844627653
60_-170,60,65,-170,-165,6,2.2313728,,
60_-165,60,65,-165,-160,4,2.4175436,,
60_-160,60,65,-160,-155,6,2.4653988,,
60_-155,60,65,-155,-150,4,2.2151518,,
60_-150,60,65,-150,-145,6,2.0007873,2.0113377170558255,-0.010550417055825712
60_-145,60,65,-145,-140,4,1.9023491,,
60_-140,60,65,-140,-135,6,2.0389001,,
60_-135,60,65,-135,-130,4,2.1155934,,
60_-130,60,65,-130,-125,6,2.1348522,,
60_-125,60,65,-125,-120,4,2.331447,,
60_-120,60,65,-120,-115,6,2.4940321,,
60_-115,60,65,-115,-110,4,2.5845785,,
60_-110,60,65,-110,-105,6,2.7015712,,
60_-105,60,65,-105,-100,4,2.8375154,,
60_-100,60,65,-100,-95,6,2.921293,,
60_-95,60,65,-95,-90,4,2.7796564,,
60_-90,60,65,-90,-85,6,2.6208184,2.0564714352298017,0.5643469647701984
60_-85,60,65,-85,-80,4,2.772801,2.066809327407632,0.7059916725923681
60_-80,60,65,-80,-75,6,2.8451998,,
60_-75,60,65,-75,-70,4,2.752939,,
60_-70,60,65,-70,-65,6,2.5075126,,
60_-65,60,65,-65,-60,4,2.2393591,1.7385906468415202,0.50076845315848
60_-60,60,65,-60,-55,6,1.5105978,0.8636828860128822,0.6469149139871178
60_-55,60,65,-55,-50,4,1.1700366,0.7279329705853506,0.4421036294146494
60_-50,60,65,-50,-45,6,1.2996505,,
60_-45,60,65,-45,-40,4,1.5142817,,
60_-40,60,65,-40,-35,6,1.2007972,0.7794131059681354,0.4213840940318646
60_-35,60,65,-35,-30,4,1.0026346,0.7841774459019444,0.21845715409805555
60_-30,60,65,-30,-25,6,1.0124606,0.817733376766452,0.19472722323354807
60_-25,60,65,-25,-20,4,1.040791,0.8187892427908939,0.2220017572091061
60_-20,60,65,-20,-15,6,1.1164225,0.8155206168794104,0.30090188312058974
60_-15,60,65,-15,-10,4,1.2036576,0.8368582220029763,0.3667993779970238
60_-10,60,65,-10,-5,6,1.3908749,0.868858637479765,0.522016262520235
60_-5,60,65,-5,0,4,1.4808567,0.878254238121463,0.6026024618785369
60_0,60,65,0,5,6,1.4129691,0.8424334886697165,0.5705356113302835
60_5,60,65,5,10,4,1.6599691,,
60_10,60,65,10,15,6,1.9335784,,
60_15,60,65,15,20,4,2.188603,,
60_20,60,65,20,25,6,2.269595,,
60_25,60,65,25,30,4,2.3154,,
60_30,60,65,30,35,6,2.3359184,,
60_35,60,65,35,40,4,2.356996,,
60_40,60,65,40,45,6,2.3815963,,
60_45,60,65,45,50,4,2.4214969,,
60_50,60,65,50,55,6,2.453112,,
60_55,60,65,55,60,4,2.4461226,,
60_60,60,65,60,65,6,2.4874518,,
60_65,60,65,65,70,4,2.4960303,,
60_70,60,65,70,75,6,2.4882865,,
60_75,60,65,75,80,4,2.4934466,,
60_80,60,65,80,85,6,2.489405,,
60_85,60,65,85,90,4,2.4511337,,
60_90,60,65,90,95,6,2.444,,
60_95,60,65,95,100,4,2.5279675,,
60_100,60,65,100,105,6,2.5793421,,
60_105,60,65,105,110,4,2.5790055,,
60_110,60,65,110,115,6,2.5568035,,
60_115,60,65,115,120,4,2.5049124,,
60_120,60,65,120,125,6,2.4703825,,
60_125,60,65,125,130,4,2.4481926,,
60_130,60,65,130,135,6,2.4039273,,
60_135,60,65,135,140,4,2.3141298,,
60_140,60,65,140,145,6,2.254453,,
60_145,60,65,145,150,4,2.2829003,,
60_150,60,65,150,155,6,2.346571,,
60_155,60,65,155,160,4,2.1995203,,
60_160,60,65,160,165,6,2.1899202,,
60_165,60,65,165,170,4,2.2465987,,
60_170,60,65,170,175,6,2.2375515,,
60_175,60,65,175,180,4,2.2544653,,
65_-180,65,70,-180,-175,9,2.8894124,,
65_-175,65,70,-175,-170,6,3.0560036,,
65_-170,65,70,-170,-165,9,2.9680297,,
65_-165,65,70,-165,-160,6,2.9400609,,
65_-160,65,70,-160,-155,9,2.8870268,,
65_-155,65,70,-155,-150,6,2.7969806,,
65_-150,65,70,-150,-145,9,2.6520553,,
65_-145,65,70,-145,-140,6,2.6558254,,
65_-140,65,70,-140,-135,9,2.751083,,
65_-135,65,70,-135,-130,6,2.8278255,,
65_-130,65,70,-130,-125,9,2.8265681,,
65_-125,65,70,-125,-120,6,2.9155598,,
65_-120,65,70,-120,-115,9,3.03938,,
65_-115,65,70,-115,-110,6,3.161416,,
65_-110,65,70,-110,-105,9,3.2167675,2.9923823523104387,0.2243851476895613
65_-105,65,70,-105,-100,6,3.276388,,
65_-100,65,70,-100,-95,9,3.2846215,,
65_-95,65,70,-95,-90,6,3.1883001,3.0866991262610073,0.1016009737389929
65_-90,65,70,-90,-85,9,3.106142,,
65_-85,65,70,-85,-80,6,2.9710054,,
65_-80,65,70,-80,-75,9,2.716509,,
65_-75,65,70,-75,-70,6,2.7771466,,
65_-70,65,70,-70,-65,9,2.7149115,,
65_-65,65,70,-65,-60,6,2.6139965,,
65_-60,65,70,-60,-55,9,2.2866883,1.5962627941903,0.6904255058096997
65_-55,65,70,-55,-50,6,1.8161759,,
65_-50,65,70,-50,-45,9,1.5523502,,
65_-45,65,70,-45,-40,6,1.8199873,,
65_-40,65,70,-40,-35,9,1.9723519,,
65_-35,65,70,-35,-30,6,1.9624692,,
65_-30,65,70,-30,-25,9,1.9799546,,
65_-25,65,70,-25,-20,6,2.2637448,,
65_-20,65,70,-20,-15,9,2.4924436,,
65_-15,65,70,-15,-10,6,2.5559177,,
65_-10,65,70,-10,-5,9,2.5984793,1.4917100746614964,1.1067692253385037
65_-5,65,70,-5,0,6,2.5011861,1.304120037893464,1.1970660621065359
65_0,65,70,0,5,9,2.2303748,1.0068218057297784,1.2235529942702215
65_5,65,70,5,10,6,1.7875233,0.8116821564550739,0.975841143544926
65_10,65,70,10,15,9,1.8022891,,
65_15,65,70,15,20,6,2.1389596,1.7582817676374283,0.3806778323625719
65_20,65,70,20,25,9,2.4007685,,
65_25,65,70,25,30,6,2.4900224,,
65_30,65,70,30,35,9,2.5685859,,
65_35,65,70,35,40,6,2.638047,,
65_40,65,70,40,45,9,2.772848,,
65_45,65,70,45,50,6,2.9031563,,
65_50,65,70,50,55,9,2.9358275,,
65_55,65,70,55,60,6,2.9142177,,
65_60,65,70,60,65,9,2.921839,,
65_65,65,70,65,70,6,2.9782355,,
65_70,65,70,70,75,9,2.9513254,2.792990314618935,0.158335085381065
65_75,65,70,75,80,6,2.9244454,,
65_80,65,70,80,85,9,2.878158,,
65_85,65,70,85,90,6,2.781165,,
65_90,65,70,90,95,9,2.7434523,,
65_95,65,70,95,100,6,2.7741601,,
65_100,65,70,100,105,9,2.797149,,
65_105,65,70,105,110,6,2.8556385,,
65_110,65,70,110,115,9,2.8538756,,
65_115,65,70,115,120,6,2.8867667,,
65_120,65,70,120,125,9,2.793916,,
65_125,65,70,125,130,6,2.599904,,
65_130,65,70,130,135,9,2.6105776,,
65_135,65,70,135,140,6,2.5062447,,
65_140,65,70,140,145,9,2.5664446,,
65_145,65,70,145,150,6,2.59366,,
65_150,65,70,150,155,9,2.7769933,,
65_155,65,70,155,160,6,2.7625704,,
65_160,65,70,160,165,9,2.659971,,
65_165,65,70,165,170,6,2.6716053,,
65_170,65,70,170,175,9,2.759415,2.6998732752038848,0.059541724796115414
65_175,65,70,175,180,6,2.752765,,
70_-180,70,75,-180,-175,6,3.4473178,,
70_-175,70,75,-175,-170,4,3.57064,2.969668988411054,0.6009710115889462
70_-170,70,75,-170,-165,6,3.5806239,2.9131527590390682,0.6674711409609317
70_-165,70,75,-165,-160,4,3.540097,2.8485376910940583,0.6915593089059415
70_-160,70,75,-160,-155,6,3.5692546,,
70_-155,70,75,-155,-150,4,3.551056,3.0118328438885063,0.5392231561114937
70_-150,70,75,-150,-145,6,3.4606354,2.938423067940971,0.5222123320590293
70_-145,70,75,-145,-140,4,3.4053257,2.9445828803035634,0.4607428196964367
70_-140,70,75,-140,-135,6,3.4011953,2.9558194358901773,0.44537586410982266
70_-135,70,75,-135,-130,4,3.397953,2.9184296822859848,0.479523317714015
70_-130,70,75,-130,-125,6,3.4687197,2.8001911180002503,0.6685285819997495
70_-125,70,75,-125,-120,4,3.515161,,
70_-120,70,75,-120,-115,6,3.5003479,,
70_-115,70,75,-115,-110,4,3.4202645,,
70_-110,70,75,-110,-105,6,3.443835,,
70_-105,70,75,-105,-100,4,3.5321865,3.1751561285717322,0.35703037142826766
70_-100,70,75,-100,-95,6,3.5147183,,
70_-95,70,75,-95,-90,4,3.4364328,,
70_-90,70,75,-90,-85,6,3.3839447,,
70_-85,70,75,-85,-80,4,3.2039778,,
70_-80,70,75,-80,-75,6,3.0013618,,
70_-75,70,75,-75,-70,4,2.9204156,,
70_-70,70,75,-70,-65,6,3.0113163,,
70_-65,70,75,-65,-60,4,2.9567573,2.147954342693376,0.8088029573066242
70_-60,70,75,-60,-55,6,2.91972,,
70_-55,70,75,-55,-50,4,2.0985043,2.0985043000001298,-1.2967404927621828e-13
70_-50,70,75,-50,-45,6,1.8500786,,
70_-45,70,75,-45,-40,4,2.1883912,,
70_-40,70,75,-40,-35,6,2.319767,,
70_-35,70,75,-35,-30,4,2.2117739,,
70_-30,70,75,-30,-25,6,1.9934562,,
70_-25,70,75,-25,-20,4,2.6970186,,
70_-20,70,75,-20,-15,6,3.2573538,2.630521678060557,0.6268321219394433
70_-15,70,75,-15,-10,4,3.5154028,2.582736532309466,0.932666267690534
70_-10,70,75,-10,-5,6,3.4389656,2.4112958307085126,1.0276697692914873
70_-5,70,75,-5,0,4,3.303298,2.2139576604322015,1.0893403395677983
70_0,70,75,0,5,6,3.1801147,1.823325164601643,1.3567895353983568
70_5,70,75,5,10,4,2.8448517,1.2264409628672162,1.6184107371327838
70_10,70,75,10,15,6,2.29614,0.8191160978723547,1.477023902127645
70_15,70,75,15,20,4,2.1115866,0.7716380678052436,1.3399485321947564
70_20,70,75,20,25,6,2.2556593,0.7909142337020867,1.4647450662979133
70_25,70,75,25,30,4,2.4131715,0.8939053000096133,1.5192661999903865
70_30,70,75,30,35,6,2.6976643,0.9676686114340514,1.7299956885659487
70_35,70,75,35,40,4,3.2829704,1.4197814422657447,1.8631889577342553
70_40,70,75,40,45,6,3.7654397,1.891416646985686,1.874023053014314
70_45,70,75,45,50,4,4.025978,2.1586920706057824,1.867285929394218
70_50,70,75,50,55,6,3.7562559,,
70_55,70,75,55,60,4,3.6851633,,
70_60,70,75,60,65,6,3.604862,2.767821304722091,0.8370406952779086
70_65,70,75,65,70,4,3.3555794,,
70_70,70,75,70,75,6,3.210534,,
70_75,70,75,75,80,4,3.1196675,,
70_80,70,75,80,85,6,3.090047,,
70_85,70,75,85,90,4,3.065624,,
70_90,70,75,90,95,6,2.9808533,,
70_95,70,75,95,100,4,2.9675937,,
70_100,70,75,100,105,6,3.011388,,
70_105,70,75,105,110,4,2.9729881,,
70_110,70,75,110,115,6,2.9935691,,
70_115,70,75,115,120,4,3.0006452,,
70_120,70,75,120,125,6,2.924679,,
70_125,70,75,125,130,4,2.8049493,,
70_130,70,75,130,135,6,2.6907673,,
70_135,70,75,135,140,4,2.7111974,,
70_140,70,75,140,145,6,2.9101238,,
70_145,70,75,145,150,4,3.0048265,,
70_150,70,75,150,155,6,3.0215874,,
70_155,70,75,155,160,4,3.0536845,,
70_160,70,75,160,165,6,3.0752745,2.819458172703525,0.2558163272964751
70_165,70,75,165,170,4,3.1114347,2.8662509666748566,0.24518373332514365
70_170,70,75,170,175,6,3.208997,2.9127046545370163,0.2962923454629838
70_175,70,75,175,180,4,3.3155994,3.0033781483802366,0.31222125161976333
75_-180,75,80,-180,-175,9,3.3641617,3.2032827192022317,0.1608789807977682
75_-175,75,80,-175,-170,6,3.387245,3.2084759146859065,0.17876908531409352
75_-170,75,80,-170,-165,9,3.447538,3.210143140827706,0.2373948591722943
75_-165,75,80,-165,-160,6,3.482043,3.2080974315663378,0.27394556843366225
75_-160,75,80,-160,-155,9,3.4724092,3.210582829630387,0.26182637036961287
75_-155,75,80,-155,-150,6,3.431654,3.2121415660883197,0.2195124339116803
75_-150,75,80,-150,-145,9,3.381767,3.2107325166529277,0.17103448334707227
75_-145,75,80,-145,-140,6,3.3398952,3.209184873038191,0.13071032696180884
75_-140,75,80,-140,-135,9,3.3081262,3.205242265547957,0.10288393445204269
75_-135,75,80,-135,-130,6,3.284804,3.199889470661053,0.08491452933894683
75_-130,75,80,-130,-125,9,3.2887063,3.1962685257036663,0.0924377742963336
75_-125,75,80,-125,-120,6,3.3617833,3.1826142948767076,0.17916900512329237
75_-120,75,80,-120,-115,9,3.4157653,,
75_-115,75,80,-115,-110,6,3.4124546,,
75_-110,75,80,-110,-105,9,3.4131732,,
75_-105,75,80,-105,-100,6,3.4592903,3.1732070821099274,0.28608321789007274
75_-100,75,80,-100,-95,9,3.4386287,,
75_-95,75,80,-95,-90,6,3.3715496,,
75_-90,75,80,-90,-85,9,3.2400758,3.400672498918837,-0.160596698918837
75_-85,75,80,-85,-80,6,3.046861,3.305410461476451,-0.2585494614764512
75_-80,75,80,-80,-75,9,2.9160354,,
75_-75,75,80,-75,-70,6,2.9685829,2.385791906920609,0.5827909930793909
75_-70,75,80,-70,-65,9,2.8864229,,
75_-65,75,80,-65,-60,6,2.6078413,,
75_-60,75,80,-60,-55,9,2.3471372,,
75_-55,75,80,-55,-50,6,2.1049309,,
75_-50,75,80,-50,-45,9,2.2790468,,
75_-45,75,80,-45,-40,6,2.4233367,,
75_-40,75,80,-40,-35,9,2.4785783,,
75_-35,75,80,-35,-30,6,2.4193308,,
75_-30,75,80,-30,-25,9,2.228411,,
75_-25,75,80,-25,-20,6,2.2909713,,
75_-20,75,80,-20,-15,9,3.0609388,,
75_-15,75,80,-15,-10,6,3.3813407,2.957148526817683,0.42419217318231706
75_-10,75,80,-10,-5,9,3.4635596,2.9858056655372676,0.4777539344627324
75_-5,75,80,-5,0,6,3.5912306,2.8969105629458873,0.6943200370541125
75_0,75,80,0,5,9,3.7074902,2.592917494208792,1.114572705791208
75_5,75,80,5,10,6,3.5181315,1.981772914750559,1.536358585249441
75_10,75,80,10,15,9,3.294905,,
75_15,75,80,15,20,6,3.5111551,,
75_20,75,80,20,25,9,3.7200274,,
75_25,75,80,25,30,6,4.0272355,2.446798453584074,1.5804370464159256
75_30,75,80,30,35,9,4.299644,2.533662735898122,1.7659812641018777
75_35,75,80,35,40,6,4.419988,2.686189319127715,1.733798680872285
75_40,75,80,40,45,9,4.5299997,2.73525179809187,1.7947479019081305
75_45,75,80,45,50,6,4.641623,2.7157877049276595,1.9258352950723405
75_50,75,80,50,55,9,4.4798303,2.7104641021186318,1.769366197881368
75_55,75,80,55,60,6,4.191172,,
75_60,75,80,60,65,9,4.0217366,,
75_65,75,80,65,70,6,3.8929837,,
75_70,75,80,70,75,9,3.7315297,2.904504936737058,0.8270247632629419
75_75,75,80,75,80,6,3.573602,2.8711578509352607,0.7024441490647395
75_80,75,80,80,85,9,3.413508,2.7967117004295385,0.6167962995704617
75_85,75,80,85,90,6,3.3130713,,
75_90,75,80,90,95,9,3.2586987,,
75_95,75,80,95,100,6,3.2618153,,
75_100,75,80,100,105,9,3.306652,,
75_105,75,80,105,110,6,3.2844841,,
75_110,75,80,110,115,9,3.2128978,,
75_115,75,80,115,120,6,3.1469805,2.9293636541781005,0.21761684582189966
75_120,75,80,120,125,9,3.1410303,2.875742453131589,0.2652878468684112
75_125,75,80,125,130,6,3.130089,2.8259150879608645,0.30417391203913535
75_130,75,80,130,135,9,3.108024,2.8094758814949574,0.2985481185050425
75_135,75,80,135,140,6,3.1156995,,
75_140,75,80,140,145,9,3.1604435,,
75_145,75,80,145,150,6,3.1790164,,
75_150,75,80,150,155,9,3.2101948,3.0548031172313,0.15539168276870008
75_155,75,80,155,160,6,3.2371757,3.119427556558925,0.11774814344107476
75_160,75,80,160,165,9,3.252847,3.1543602815722442,0.0984867184277558
75_165,75,80,165,170,6,3.2624981,3.174954376931191,0.08754372306880898
75_170,75,80,170,175,9,3.28565,3.18877288811792,0.09687711188208015
75_175,75,80,175,180,6,3.3278806,3.1988043194136955,0.12907628058630438
80_-180,80,85,-180,-175,6,3.2574556,3.15965233763876,0.09780326236124015
80_-175,80,85,-175,-170,4,3.2621071,3.1615947359574506,0.1005123640425496
80_-170,80,85,-170,-165,6,3.2708445,3.1632373532086646,0.10760714679133532
80_-165,80,85,-165,-160,4,3.2809963,3.164390788013561,0.11660551198643887
80_-160,80,85,-160,-155,6,3.287321,3.1671740339757606,0.12014696602423935
80_-155,80,85,-155,-150,4,3.2908144,3.1679577691987606,0.12285663080123932
80_-150,80,85,-150,-145,6,3.2925816,3.1699018103249093,0.12267978967509086
80_-145,80,85,-145,-140,4,3.2920392,3.171401375996378,0.12063782400362211
80_-140,80,85,-140,-135,6,3.2929113,3.1738456198557765,0.11906568014422358
80_-135,80,85,-135,-130,4,3.294907,3.1765054805840975,0.11840151941590227
80_-130,80,85,-130,-125,6,3.296997,3.179288370094446,0.11770862990555431
80_-125,80,85,-125,-120,4,3.3038108,3.1835776537756613,0.12023314622433867
80_-120,80,85,-120,-115,6,3.312144,3.1855433414033154,0.12660065859668457
80_-115,80,85,-115,-110,4,3.3183236,3.1886928853518013,0.12963071464819853
80_-110,80,85,-110,-105,6,3.3336918,3.19238460623007,0.14130719376993017
80_-105,80,85,-105,-100,4,3.3418455,3.1982285269479576,0.14361697305204224
80_-100,80,85,-100,-95,6,3.3279498,3.1931626662309656,0.13478713376903428
80_-95,80,85,-95,-90,4,3.2563336,,
80_-90,80,85,-90,-85,6,3.158006,,
80_-85,80,85,-85,-80,4,3.0153024,,
80_-80,80,85,-80,-75,6,2.9624672,,
80_-75,80,85,-75,-70,4,2.9353812,,
80_-70,80,85,-70,-65,6,2.8954132,,
80_-65,80,85,-65,-60,4,2.8849273,,
80_-60,80,85,-60,-55,6,2.8446834,,
80_-55,80,85,-55,-50,4,2.7651393,,
80_-50,80,85,-50,-45,6,2.68312,,
80_-45,80,85,-45,-40,4,2.6191292,,
80_-40,80,85,-40,-35,6,2.6048822,,
80_-35,80,85,-35,-30,4,2.657817,,
80_-30,80,85,-30,-25,6,2.8167527,,
80_-25,80,85,-25,-20,4,3.0678058,,
80_-20,80,85,-20,-15,6,3.271794,,
80_-15,80,85,-15,-10,4,3.407456,,
80_-10,80,85,-10,-5,6,3.4216416,3.0801459086905862,0.3414956913094138
80_-5,80,85,-5,0,4,3.4363148,3.1384458725722446,0.2978689274277553
80_0,80,85,0,5,6,3.511957,3.15452879417559,0.35742820582441004
80_5,80,85,5,10,4,3.6300194,3.150236824496613,0.4797825755033873
80_10,80,85,10,15,6,3.7016523,3.1494496531551905,0.5522026468448096
80_15,80,85,15,20,4,3.7480998,3.108314306046486,0.6397854939535139
80_20,80,85,20,25,6,3.8537323,3.094947078202082,0.7587852217979179
80_25,80,85,25,30,4,3.9249136,3.1303606880997124,0.7945529119002877
80_30,80,85,30,35,6,3.9834464,3.153110009678258,0.830336390321742
80_35,80,85,35,40,4,3.9920774,3.159899847364853,0.8321775526351467
80_40,80,85,40,45,6,3.969774,3.1515717312835467,0.8182022687164534
80_45,80,85,45,50,4,3.9944453,3.0977481024643647,0.8966971975356355
80_50,80,85,50,55,6,4.0207295,3.1051640360305552,0.9155654639694446
80_55,80,85,55,60,4,4.02757,,
80_60,80,85,60,65,6,4.030732,,
80_65,80,85,65,70,4,3.9966383,3.116848534762629,0.879789765237371
80_70,80,85,70,75,6,3.9295437,3.140327986599038,0.7892157134009619
80_75,80,85,75,80,4,3.8535886,3.1227910186838757,0.7307975813161245
80_80,80,85,80,85,6,3.7825525,3.108313192568951,0.6742393074310491
80_85,80,85,85,90,4,3.6874332,3.0764167384355243,0.6110164615644758
80_90,80,85,90,95,6,3.610048,,
80_95,80,85,95,100,4,3.5847368,,
80_100,80,85,100,105,6,3.5935462,3.124490691386649,0.469055508613351
80_105,80,85,105,110,4,3.5881343,3.1440940847060306,0.44404021529396953
80_110,80,85,110,115,6,3.591938,3.133617996529078,0.45832000347092183
80_115,80,85,115,120,4,3.5886545,3.1194337874213938,0.4692207125786063
80_120,80,85,120,125,6,3.5644581,3.1092076589138196,0.4552504410861804
80_125,80,85,125,130,4,3.5262797,3.100280692530271,0.42599900746972885
80_130,80,85,130,135,6,3.4810972,3.094761842153413,0.3863353578465869
80_135,80,85,135,140,4,3.4372566,3.0881712950402713,0.34908530495972867
80_140,80,85,140,145,6,3.3924675,3.093745794929725,0.29872170507027507
80_145,80,85,145,150,4,3.345714,3.110496516746524,0.2352174832534759
80_150,80,85,150,155,6,3.3127413,3.1272882897057173,0.18545301029428263
80_155,80,85,155,160,4,3.2872808,3.1358144186575436,0.15146638134245638
80_160,80,85,160,165,6,3.2632952,3.141696112337498,0.12159908766250194
80_165,80,85,165,170,4,3.2522984,3.1489664511623667,0.10333194883763319
80_170,80,85,170,175,6,3.2516081,3.1528832240727898,0.09872487592721013
80_175,80,85,175,180,4,3.2546577,3.156152956566438,0.09850474343356197
85_-180,85,90,-180,-175,9,3.3579812,3.1439806554733076,0.2140005445266926
85_-175,85,90,-175,-170,6,3.3591926,3.145094697210951,0.21409790278904905
85_-170,85,90,-170,-165,9,3.3586679,3.1462354570638427,0.21243244293615726
85_-165,85,90,-165,-160,6,3.357784,3.147919811439273,0.20986418856072708
85_-160,85,90,-160,-155,9,3.3560114,3.1497034907922856,0.20630790920771425
85_-155,85,90,-155,-150,6,3.3536294,3.1509162926622554,0.2027131073377446
85_-150,85,90,-150,-145,9,3.3518481,3.1528161375421444,0.19903196245785582
85_-145,85,90,-145,-140,6,3.350417,3.1554115433078604,0.19500545669213976
85_-140,85,90,-140,-135,9,3.3502939,3.1588588600048,0.19143503999519984
85_-135,85,90,-135,-130,6,3.3503563,3.162555258079687,0.18780104192031288
85_-130,85,90,-130,-125,9,3.3512778,3.166326122893391,0.18495167710660887
85_-125,85,90,-125,-120,6,3.3540246,3.169697565160537,0.184327034839463
85_-120,85,90,-120,-115,9,3.3593223,3.173192547040812,0.1861297529591881
85_-115,85,90,-115,-110,6,3.3673713,3.1763277202924005,0.19104357970759933
85_-110,85,90,-110,-105,9,3.374004,3.179556643795789,0.19444735620421083
85_-105,85,90,-105,-100,6,3.3797257,3.1817149895988006,0.19801071040119922
85_-100,85,90,-100,-95,9,3.3842366,3.183074495204057,0.2011621047959431
85_-95,85,90,-95,-90,6,3.3882322,3.1871611108836095,0.2010710891163905
85_-90,85,90,-90,-85,9,3.3928375,3.190510772659287,0.20232672734071322
85_-85,85,90,-85,-80,6,3.3974159,3.191658799448871,0.20575710055112895
85_-80,85,90,-80,-75,9,3.4031126,3.1897740001157913,0.21333859988420878
85_-75,85,90,-75,-70,6,3.4114273,3.1885806309316744,0.22284666906832573
85_-70,85,90,-70,-65,9,3.424866,3.1882383189325503,0.2366276810674499
85_-65,85,90,-65,-60,6,3.4351852,3.188493851942874,0.246691348057126
85_-60,85,90,-60,-55,9,3.4469163,3.188505330421166,0.2584109695788337
85_-55,85,90,-55,-50,6,3.4583519,3.1897176348826397,0.2686342651173601
85_-50,85,90,-50,-45,9,3.4639838,3.192253417717345,0.27173038228265467
85_-45,85,90,-45,-40,6,3.4617698,3.192490096674109,0.2692797033258909
85_-40,85,90,-40,-35,9,3.4601302,3.1897084496844843,0.27042175031551574
85_-35,85,90,-35,-30,6,3.4635332,3.1863019984478695,0.27723120155213055
85_-30,85,90,-30,-25,9,3.4679654,3.185654265956752,0.28231113404324804
85_-25,85,90,-25,-20,6,3.4716914,3.187059687791871,0.284631712208129
85_-20,85,90,-20,-15,9,3.475394,3.1869008677479034,0.2884931322520967
85_-15,85,90,-15,-10,6,3.4792106,3.186648079011952,0.292562520988048
85_-10,85,90,-10,-5,9,3.479528,3.1873366609253324,0.29219133907466777
85_-5,85,90,-5,0,6,3.4858763,3.1893206182620095,0.29655568173799063
85_0,85,90,0,5,9,3.4948578,3.18762846563829,0.3072293343617103
85_5,85,90,5,10,6,3.513623,3.1856771470733154,0.32794585292668454
85_10,85,90,10,15,9,3.5341318,3.1832414737412185,0.35089032625878147
85_15,85,90,15,20,6,3.5618575,3.180938141126905,0.3809193588730948
85_20,85,90,20,25,9,3.5849283,3.1784445670052177,0.40648373299478235
85_25,85,90,25,30,6,3.6008615,3.1762373179040875,0.4246241820959127
85_30,85,90,30,35,9,3.6121686,3.1741031741648227,0.43806542583517727
85_35,85,90,35,40,6,3.6167202,3.172383762173245,0.44433643782675514
85_40,85,90,40,45,9,3.618186,3.171556268269765,0.44662973173023524
85_45,85,90,45,50,6,3.618516,3.170734232551493,0.44778176744850695
85_50,85,90,50,55,9,3.614908,3.171789838238403,0.4431181617615967
85_55,85,90,55,60,6,3.609196,3.176448573372902,0.43274742662709764
85_60,85,90,60,65,9,3.6071887,3.171713385768927,0.435475314231073
85_65,85,90,65,70,6,3.6071284,3.1670504621957067,0.4400779378042934
85_70,85,90,70,75,9,3.6059139,3.1649633541199993,0.4409505458800007
85_75,85,90,75,80,6,3.601392,3.1619705684163293,0.43942143158367086
85_80,85,90,80,85,9,3.5991652,3.157138963872846,0.44202623612715364
85_85,85,90,85,90,6,3.5921547,3.1545752395920044,0.43757946040799567
85_90,85,90,90,95,9,3.587368,3.1515029531418195,0.4358650468581806
85_95,85,90,95,100,6,3.5802705,3.149338706138796,0.43093179386120406
85_100,85,90,100,105,9,3.5701768,3.147570989296515,0.42260581070348513
85_105,85,90,105,110,6,3.5566978,3.146742278366912,0.4099555216330879
85_110,85,90,110,115,9,3.541541,3.146155205244452,0.39538579475554814
85_115,85,90,115,120,6,3.5238273,3.1458068252217712,0.378020474778229
85_120,85,90,120,125,9,3.5018926,3.1458818944803273,0.35601070551967284
85_125,85,90,125,130,6,3.4780982,3.145387107702775,0.33271109229722473
85_130,85,90,130,135,9,3.4566379,3.1439651863542393,0.31267271364576077
85_135,85,90,135,140,6,3.4391243,3.1428664610559958,0.29625783894400426
85_140,85,90,140,145,9,3.4222617,3.141388654218561,0.2808730457814388
85_145,85,90,145,150,6,3.4033604,3.138868956150188,0.26449144384981205
85_150,85,90,150,155,9,3.3887777,3.1376596389131834,0.25111806108681645
85_155,85,90,155,160,6,3.3771274,3.1395642826406185,0.23756311735938151
85_160,85,90,160,165,9,3.3680189,3.1422649323584073,0.22575396764159272
85_165,85,90,165,170,6,3.3595197,3.1430106025489213,0.2165090974510786
85_170,85,90,170,175,9,3.3592436,3.142683748118589,0.21655985188141091
85_175,85,90,175,180,6,3.35827,3.143749303072968,0.2145206969270319
